"Study.Area","Year","Month","Day","Visit.Start.Date","Visit.Start.Time","Air.Temperature..C.","Field.Observer.Name","UTM.Zone","UTM.Easting","UTM.Northing","Longitude..DD.","Latitude..DD.","Geographic.Coordinate.Source","Species.Code","Animal.ID","Count","Survey.Observation.Note","Inventory.Method","Det.Type","Life.Stage.Code","Activity.Code","Feature.Type","Sign.Type.Code","Adult.Males","Adult.Females","Adults...Unclassified.Sex","Juveniles...Unclassified.Sex","Males...Unclassified.Life.Stage","Females...Unclassified.Life.Stage","Unclassified.Life.Stage.and.Sex","Eggs","Hatchlings","Fledglings","Plot.Width","Plot.Height","Site.Region","Reg.Plot.Width","Reg.Plot.Height"
"Yellow Point Bog Ecological Reserve",2013,5,16,"2013-05-16",1330,NA,"Rob Waters",10,442201,5433639,-123.79107,49.05291,"Sample Station - Centroid","NULL","",0,"","","UNK",NA,"","","",NA,NA,NA,NA,NA,NA,NA,NA,NA,NA,8,8,"West Coast",13,13
"Yellow Point Bog Ecological Reserve",2013,5,16,"2013-05-16",1330,NA,"Rob Waters",10,441985,5433786,-123.79404,49.05421,"Sample Station - Centroid","NULL","",0,"","","UNK",NA,"","","",NA,NA,NA,NA,NA,NA,NA,NA,NA,NA,8,8,"West Coast",13,13
"Yellow Point Bog Ecological Reserve",2014,3,28,"2014-03-28",1830,NA,"Rob Waters",10,441985,5433786,-123.79404,49.05421,"Sample Station - Centroid","B-MALL","",4,"","","UNK",NA,"","","",2,2,NA,NA,NA,NA,NA,NA,NA,NA,8,8,"West Coast",13,13
"Yellow Point Bog Ecological Reserve",2015,5,18,"2015-05-18",930,NA,"Barb Waters",10,442201,5433639,-123.79107,49.05291,"Sample Station - Centroid","NULL","",0,"warm","visual scan","VI",NA,"","","",NA,NA,NA,NA,NA,NA,NA,NA,NA,NA,8,8,"West Coast",13,13
"Yellow Point Bog Ecological Reserve",2015,5,18,"2015-05-18",930,NA,"Barb Waters",10,441985,5433786,-123.79404,49.05421,"Sample Station - Centroid","NULL","",0,"warm","visual scan","VI",NA,"","","",NA,NA,NA,NA,NA,NA,NA,NA,NA,NA,8,8,"West Coast",13,13
"Yellow Point Bog Ecological Reserve",2016,4,6,"2016-04-06",1200,NA,"Barb Waters",10,441985,5433786,-123.79404,49.05421,"Sample Station - Centroid","B-CAGO","",4,"main and north bog","visual scan","VI",NA,"","","",2,2,NA,NA,NA,NA,NA,NA,NA,NA,8,8,"West Coast",13,13
"Yellow Point Bog Ecological Reserve",2016,4,6,"2016-04-06",1200,NA,"Barb Waters",10,442201,5433639,-123.79107,49.05291,"Sample Station - Centroid","NULL","",0,"","visual scan","VI",NA,"","","",NA,NA,NA,NA,NA,NA,NA,NA,NA,NA,8,8,"West Coast",13,13
"Yellow Point Bog Ecological Reserve",2017,6,11,"2017-06-11",1800,NA,"Barb Waters",10,442201,5433639,-123.79107,49.05291,"Sample Station - Centroid","NULL","",0,"","visual scan","VI",NA,"","","",NA,NA,NA,NA,NA,NA,NA,NA,NA,NA,8,8,"West Coast",13,13
"Yellow Point Bog Ecological Reserve",2019,6,18,"2019-06-18",0,NA,"Rob Waters",10,442201,5433639,-123.79107,49.05291,"Sample Station - Centroid","NULL","",0,"","","UNK",NA,"","","",NA,NA,NA,NA,NA,NA,NA,NA,NA,NA,8,8,"West Coast",13,13
"Yellow Point Bog Ecological Reserve",2019,6,18,"2019-06-18",0,NA,"Rob Waters",10,441985,5433786,-123.79404,49.05421,"Sample Station - Centroid","NULL","",0,"","","UNK",NA,"","","",NA,NA,NA,NA,NA,NA,NA,NA,NA,NA,8,8,"West Coast",13,13
"Yellow Point Bog Ecological Reserve",2020,4,24,"2020-04-24",1145,13,"Barb Waters",10,442201,5433639,-123.79107,49.05291,"Sample Station - Centroid","B-MALL","",2,"","","UNK",NA,"","","",1,1,NA,NA,NA,NA,NA,NA,NA,NA,8,8,"West Coast",13,13
"Yellow Point Bog Ecological Reserve",2020,4,24,"2020-04-24",1130,13,"Barb Waters",10,441985,5433786,-123.79404,49.05421,"Sample Station - Centroid","NULL","",0,"No waterfowl observed at Stn 1","","UNK",NA,"","","",NA,NA,NA,NA,NA,NA,NA,NA,NA,NA,8,8,"West Coast",13,13
"Yellow Point Bog Ecological Reserve",2021,6,11,"2021-06-11",1100,NA,"Barb Waters",10,442201,5433639,-123.79107,49.05291,"Sample Station - Centroid","B-HOME","",1,"","","UNK",NA,"","","",NA,NA,NA,NA,NA,NA,NA,NA,NA,NA,8,8,"West Coast",13,13
"Yellow Point Bog Ecological Reserve",2023,6,19,"2023-06-19",1600,NA,"Barb Waters",10,442201,5433639,-123.79107,49.05291,"Sample Station - Centroid","NULL","",0,"","","UNK",NA,"","","",NA,NA,NA,NA,NA,NA,NA,NA,NA,NA,8,8,"West Coast",13,13
"Yellow Point Bog Ecological Reserve",2023,6,19,"2023-06-19",1600,NA,"Barb Waters",10,441985,5433786,-123.79404,49.05421,"Sample Station - Centroid","NULL","",0,"","","UNK",NA,"","","",NA,NA,NA,NA,NA,NA,NA,NA,NA,NA,8,8,"West Coast",13,13
"Lac du Bois Protected Area",2013,6,20,"2013-06-20",1900,NA,"Amanda Weber-roy",10,676725,5633982,-120.49043,50.83054,"Sample Station - Centroid","NULL","",0,"No waterfowl observed; The wetland is quite extensive with larger open areas that would be great areas for waterfowl;","","UNK",NA,"","","",NA,NA,NA,NA,NA,NA,NA,NA,NA,NA,8,3.5,"Thompson Cariboo",15,9.5
"Lac du Bois Protected Area",2014,6,4,"2014-06-04",1300,NA,"Sarma Liepins",10,676725,5633982,-120.49043,50.83054,"Sample Station - Centroid","NULL","",0,"none seen","","UNK",NA,"","","",NA,NA,NA,NA,NA,NA,NA,NA,NA,NA,8,3.5,"Thompson Cariboo",15,9.5
"Lac du Bois Protected Area",2015,6,4,"2015-06-04",1230,NA,"Amanda Weber-roy",10,676725,5633982,-120.49043,50.83054,"Sample Station - Centroid","NULL","",0,"No waterfowl observed in the area, the wetland is quite extensive with larger open areas that would be great areas for waterfowl.","visual scan","UNK",NA,"","","",NA,NA,NA,NA,NA,NA,NA,NA,NA,NA,8,3.5,"Thompson Cariboo",15,9.5
"Lac du Bois Protected Area",2020,6,21,"2020-06-21",1300,NA,"Sienna Hoffos",10,676725,5633982,-120.49043,50.83054,"Sample Station - Centroid","FA-ANATIDAE","",7,"Swimming through the reeds","","UNK",NA,"","","",NA,NA,NA,NA,NA,NA,NA,NA,NA,NA,8,3.5,"Thompson Cariboo",15,9.5
"Lac du Bois Protected Area",2021,6,26,"2021-06-26",1200,35,"Caroline Lafond",10,676725,5633982,-120.49043,50.83054,"Sample Station - Centroid","NULL","",0,"We did not see any waterfowl. Songbirds were identified by call: american robin, black capped chicakdee, song sparrow, yellow warbler","","UNK",NA,"","","",NA,NA,NA,NA,NA,NA,NA,NA,NA,NA,8,3.5,"Thompson Cariboo",15,9.5
"Lac du Bois Protected Area",2022,7,9,"2022-07-09",1129,18,"Joseph Ramsdale",10,676725,5633982,-120.49043,50.83054,"Sample Station - Centroid","NULL","",0,"","","UNK",NA,"","","",NA,NA,NA,NA,NA,NA,NA,NA,NA,NA,8,3.5,"Thompson Cariboo",15,9.5
"Lac du Bois Protected Area",2023,6,20,"2023-06-20",0,8,"Melany Leotowich",10,676725,5633982,-120.49043,50.83054,"Sample Station - Centroid","NULL","",0,"nothing but mosquitos","","UNK",NA,"","","",NA,NA,NA,NA,NA,NA,NA,NA,NA,NA,8,3.5,"Thompson Cariboo",15,9.5
"Lac du Bois Protected Area",2024,6,17,"2024-06-17",0,NA,"Not Available",10,676725,5633982,-120.49043,50.83054,"Sample Station - Centroid","NULL","",0,"","","UNK",NA,"","","",NA,NA,NA,NA,NA,NA,NA,NA,NA,NA,8,3.5,"Thompson Cariboo",15,9.5
"Alice Lake Park",2013,5,22,"2013-05-22",1145,NA,"Joanna Hirner",10,492148,5514706,-123.10908,49.78476,"Sample Station - Centroid","NULL","",0,"nothing visible","","UNK",NA,"","","",NA,NA,NA,NA,NA,NA,NA,NA,NA,NA,8,2.5,"South Coast",13,4
"Alice Lake Park",2013,5,22,"2013-05-22",1410,NA,"Joanna Hirner",10,492167,5514567,-123.10881,49.78351,"Sample Station - Centroid","NULL","",0,"nothing visible","","UNK",NA,"","","",NA,NA,NA,NA,NA,NA,NA,NA,NA,NA,8,2.5,"South Coast",13,4
"Alice Lake Park",2014,4,11,"2014-04-11",1615,11,"Joanna Hirner",10,492148,5514706,-123.10908,49.78476,"Sample Station - Centroid","B-BUFF","",4,"Weather: 11C air temperature, scattered cloud, light SE wind, no precip, no snow","visual scan","UNK",NA,"","","",4,NA,NA,NA,NA,NA,NA,NA,NA,NA,8,2.5,"South Coast",13,4
"Alice Lake Park",2014,4,11,"2014-04-11",1615,11,"Joanna Hirner",10,492148,5514706,-123.10908,49.78476,"Sample Station - Centroid","B-BUFF","",3,"Not as small as possible juveniles seen on April 9/14","visual scan","UNK",NA,"","","",NA,3,NA,NA,NA,NA,NA,NA,NA,NA,8,2.5,"South Coast",13,4
"Alice Lake Park",2015,4,10,"2015-04-10",1340,9,"Joanna Hirner",10,492148,5514706,-123.10908,49.78476,"Sample Station - Centroid","NULL","",0,"No waterfowl observed; weather: light breeze, light rain, unbroken cloud cover, air temp 9 C, 10mm rain in preceeding 24 hr","visual scan","UNK",NA,"","","",NA,NA,NA,NA,NA,NA,NA,NA,NA,NA,8,2.5,"South Coast",13,4
"Alice Lake Park",2015,4,10,"2015-04-10",1340,9,"Joanna Hirner",10,492098,5514678,-123.10977,49.78451,"Sample Station - Centroid","NULL","",0,"No waterfowl observed","visual scan","UNK",NA,"","","",NA,NA,NA,NA,NA,NA,NA,NA,NA,NA,8,2.5,"South Coast",13,4
"Alice Lake Park",2016,4,19,"2016-04-19",0,24,"Joanna Hirner",10,492148,5514706,-123.10908,49.78476,"Sample Station - Centroid","B-BUFF","",2,"One pair.","","UNK",NA,"","","",1,1,NA,NA,NA,NA,NA,NA,NA,NA,8,2.5,"South Coast",13,4
"Alice Lake Park",2016,4,19,"2016-04-19",0,24,"Joanna Hirner",10,492098,5514678,-123.10977,49.78451,"Sample Station - Centroid","NULL","",0,"","","UNK",NA,"","","",NA,NA,NA,NA,NA,NA,NA,NA,NA,NA,8,2.5,"South Coast",13,4
"Alice Lake Park",2018,5,2,"2018-05-02",0,17,"Joanna Hirner",10,492148,5514706,-123.10908,49.78476,"Sample Station - Centroid","NULL","",0,"Incidental sighting of Hooded Merganser female during amphibian survey.  UTM not given.","","UNK",NA,"","","",NA,NA,NA,NA,NA,NA,NA,NA,NA,NA,8,2.5,"South Coast",13,4
"Alice Lake Park",2018,5,2,"2018-05-02",0,17,"Joanna Hirner",10,492098,5514678,-123.10977,49.78451,"Sample Station - Centroid","NULL","",0,"","","UNK",NA,"","","",NA,NA,NA,NA,NA,NA,NA,NA,NA,NA,8,2.5,"South Coast",13,4
"Alice Lake Park",2020,4,21,"2020-04-21",1305,NA,"Joanna Hirner",10,492148,5514706,-123.10908,49.78476,"Sample Station - Centroid","B-BUFF","",1,"","","UNK",NA,"","","",1,NA,NA,NA,NA,NA,NA,NA,NA,NA,8,2.5,"South Coast",13,4
"Alice Lake Park",2020,4,21,"2020-04-21",1505,NA,"Joanna Hirner",10,492148,5514706,-123.10908,49.78476,"Sample Station - Centroid","B-WODU","",1,"","","UNK",NA,"","","",1,NA,NA,NA,NA,NA,NA,NA,NA,NA,8,2.5,"South Coast",13,4
"Alice Lake Park",2023,5,4,"2023-05-04",930,12,"Jared Postah",10,492167,5514708,-123.10881,49.78478,"Survey Observation","NULL","",0,"No waterfowl observed. 1 Blue Jay, 1 Robin and 1 Garder snake observed.","","UNK",NA,"","","",NA,NA,NA,NA,NA,NA,NA,NA,NA,NA,8,2.5,"South Coast",13,4
"Alice Lake Park",2023,5,4,"2023-05-04",945,12,"Jared Postah",10,492094,5514688,-123.10983,49.7846,"Survey Observation","NULL","",0,"No waterfowl observed.","","UNK",NA,"","","",NA,NA,NA,NA,NA,NA,NA,NA,NA,NA,8,2.5,"South Coast",13,4
"Big Bar Lake Park",2013,7,12,"2013-07-12",1200,NA,"Kathy Irving",10,582175,5685792,-121.82083,51.31749,"Sample Station - Centroid","B-RUDU","",3,"","","UNK",NA,"","","",NA,NA,NA,NA,NA,NA,3,NA,NA,NA,8,5,"Thompson Cariboo",15,9.5
"Big Bar Lake Park",2013,7,12,"2013-07-12",1230,NA,"Kathy Irving",10,582175,5685792,-121.82083,51.31749,"Sample Station - Centroid","B-MALL","",3,"","","UNK",NA,"","","",NA,1,NA,NA,NA,NA,NA,NA,NA,2,8,5,"Thompson Cariboo",15,9.5
"Big Bar Lake Park",2015,6,11,"2015-06-11",1430,NA,"Tom Hughes",10,582342,5685947,-121.81839,51.31886,"Sample Station - Centroid","NULL","",0,"We did not observe any water fowl in the area","visual scan","UNK",NA,"","","",NA,NA,NA,NA,NA,NA,NA,NA,NA,NA,8,5,"Thompson Cariboo",15,9.5
"Big Bar Lake Park",2018,6,19,"2018-06-19",1323,NA,"Cary Lamarche",10,582342,5685947,-121.81839,51.31886,"Sample Station - Centroid","B-MALL","",1,"Flying","","UNK",NA,"TF","","",NA,NA,NA,NA,NA,NA,NA,NA,NA,NA,8,5,"Thompson Cariboo",15,9.5
"Big Bar Lake Park",2018,6,19,"2018-06-19",1340,NA,"Cary Lamarche",10,582342,5685947,-121.81839,51.31886,"Sample Station - Centroid","B-MALL","",1,"","","UNK",NA,"","","",NA,NA,NA,NA,NA,NA,NA,NA,NA,NA,8,5,"Thompson Cariboo",15,9.5
"Big Bar Lake Park",2019,7,19,"2019-07-19",253,16,"Kyla Donovan",10,582342,5685947,-121.81839,51.31886,"Sample Station - Centroid","B-BUFF","",4,"","","UNK",NA,"","","",NA,NA,NA,4,NA,NA,NA,NA,NA,NA,8,5,"Thompson Cariboo",15,9.5
"Big Bar Lake Park",2019,7,19,"2019-07-19",255,16,"Kyla Donovan",10,582342,5685947,-121.81839,51.31886,"Sample Station - Centroid","B-BUFF","",1,"","","UNK",NA,"","","",NA,1,NA,NA,NA,NA,NA,NA,NA,NA,8,5,"Thompson Cariboo",15,9.5
"Big Bar Lake Park",2019,7,19,"2019-07-19",303,16,"Kyla Donovan",10,582342,5685947,-121.81839,51.31886,"Sample Station - Centroid","B-NOPI","",5,"","","UNK",NA,"","","",NA,NA,NA,5,NA,NA,NA,NA,NA,NA,8,5,"Thompson Cariboo",15,9.5
"Big Bar Lake Park",2019,7,19,"2019-07-19",303,16,"Kyla Donovan",10,582342,5685947,-121.81839,51.31886,"Sample Station - Centroid","B-NOPI","",1,"","","UNK",NA,"","","",NA,1,NA,NA,NA,NA,NA,NA,NA,NA,8,5,"Thompson Cariboo",15,9.5
"Big Bar Lake Park",2019,7,19,"2019-07-19",330,16,"Kyla Donovan",10,582342,5685947,-121.81839,51.31886,"Sample Station - Centroid","B-COLO","",1,"","","UNK",NA,"","","",NA,NA,1,NA,NA,NA,NA,NA,NA,NA,8,5,"Thompson Cariboo",15,9.5
"Big Bar Lake Park",2020,6,18,"2020-06-18",1430,24,"Kyla Roorda",10,582342,5685947,-121.81839,51.31886,"Sample Station - Centroid","B-COLO","",2,"","","UNK",NA,"","","",NA,NA,2,NA,NA,NA,NA,NA,NA,NA,8,5,"Thompson Cariboo",15,9.5
"Big Bar Lake Park",2020,6,18,"2020-06-18",1430,24,"Kyla Roorda",10,582342,5685947,-121.81839,51.31886,"Sample Station - Centroid","B-COLO","",2,"","","UNK",NA,"","","",NA,NA,NA,2,NA,NA,NA,NA,NA,NA,8,5,"Thompson Cariboo",15,9.5
"Big Bar Lake Park",2022,6,23,"2022-06-23",1345,9,"Tenessee Anderson",10,582342,5685947,-121.81839,51.31886,"Sample Station - Centroid","B-AMCO","",1,"","","CA",NA,"","","",NA,NA,NA,NA,NA,NA,NA,NA,NA,NA,8,5,"Thompson Cariboo",15,9.5
"Big Bar Lake Park",2022,6,23,"2022-06-23",1345,9,"Tenessee Anderson",10,582342,5685947,-121.81839,51.31886,"Sample Station - Centroid","B-RWBL","",2,"","","CA",NA,"","","",NA,NA,NA,NA,NA,NA,NA,NA,NA,NA,8,5,"Thompson Cariboo",15,9.5
"Big Bar Lake Park",2022,6,23,"2022-06-23",1345,9,"Tenessee Anderson",10,582342,5685947,-121.81839,51.31886,"Sample Station - Centroid","B-COLO","",1,"","","CA",NA,"","","",NA,NA,NA,NA,NA,NA,NA,NA,NA,NA,8,5,"Thompson Cariboo",15,9.5
"Big Bar Lake Park",2022,6,23,"2022-06-23",1345,9,"Tenessee Anderson",10,582342,5685947,-121.81839,51.31886,"Sample Station - Centroid","B-COLO","",1,"","","CA",NA,"","","",NA,NA,NA,NA,NA,NA,NA,NA,NA,NA,8,5,"Thompson Cariboo",15,9.5
"Big Bar Lake Park",2022,6,23,"2022-06-23",1345,9,"Tenessee Anderson",10,582342,5685947,-121.81839,51.31886,"Sample Station - Centroid","B-COLO","",3,"","","VI",NA,"","","",NA,NA,NA,NA,NA,NA,NA,NA,NA,NA,8,5,"Thompson Cariboo",15,9.5
"Big Bar Lake Park",2022,6,23,"2022-06-23",1345,9,"Tenessee Anderson",10,582342,5685947,-121.81839,51.31886,"Sample Station - Centroid","FA-ANATIDAE","",1,"Duck (unknown)","","VI",NA,"","","",NA,NA,NA,NA,NA,NA,NA,NA,NA,NA,8,5,"Thompson Cariboo",15,9.5
"Big Bar Lake Park",2022,6,23,"2022-06-23",1345,9,"Tenessee Anderson",10,582342,5685947,-121.81839,51.31886,"Sample Station - Centroid","B-MALL","",2,"","","VI",NA,"","","",NA,NA,NA,NA,NA,NA,NA,NA,NA,NA,8,5,"Thompson Cariboo",15,9.5
"Bowron Lakes Park",2013,6,28,"2013-06-28",1430,NA,"Sarma Liepins",10,612514,5897895,-121.31486,53.21843,"Sample Station - Centroid","B-BAEA","",3,"","","UNK",NA,"","","",NA,NA,NA,NA,NA,NA,NA,NA,NA,NA,8,3.5,"Thompson Cariboo",15,9.5
"Bowron Lakes Park",2013,6,28,"2013-06-28",1430,NA,"Sarma Liepins",10,612514,5897895,-121.31486,53.21843,"Sample Station - Centroid","B-COLO","",0,"","","UNK",NA,"","","NE",NA,NA,NA,NA,NA,NA,NA,NA,NA,NA,8,3.5,"Thompson Cariboo",15,9.5
"Bowron Lakes Park",2013,6,28,"2013-06-28",1430,NA,"Sarma Liepins",10,612514,5897895,-121.31486,53.21843,"Sample Station - Centroid","B-OSPR","",1,"","","UNK",NA,"","","",NA,NA,NA,NA,NA,NA,NA,NA,NA,NA,8,3.5,"Thompson Cariboo",15,9.5
"Bowron Lakes Park",2013,6,28,"2013-06-28",1430,NA,"Sarma Liepins",10,612514,5897895,-121.31486,53.21843,"Sample Station - Centroid","B-MALL","",3,"","","UNK",NA,"","","",3,NA,NA,NA,NA,NA,NA,NA,NA,NA,8,3.5,"Thompson Cariboo",15,9.5
"Bowron Lakes Park",2015,6,17,"2015-06-17",1000,NA,"Karen Mohr",10,615799,5888886,-121.26895,53.13678,"Sample Station - Centroid","OR-ANSERIFORMES","",1,"","visual scan","UNK",NA,"","","",NA,NA,NA,NA,NA,NA,1,NA,NA,NA,8,3.5,"Thompson Cariboo",15,9.5
"Brandywine Falls Park",2014,5,5,"2014-05-05",1150,NA,"Joanna Hirner",10,491538,5543851,-123.11819,50.04689,"Sample Station - Centroid","B-BUFF","",2,"","","UNK",NA,"","","",1,1,NA,NA,NA,NA,NA,NA,NA,NA,8,5,"South Coast",13,4
"Brandywine Falls Park",2014,5,5,"2014-05-05",1322,NA,"Joanna Hirner",10,491539,5543921,-123.11818,50.04752,"Sample Station - Centroid","B-BUFF","",2,"","","UNK",NA,"","","",1,1,NA,NA,NA,NA,NA,NA,NA,NA,8,5,"South Coast",13,4
"Brandywine Falls Park",2015,5,1,"2015-05-01",1210,3,"Joanna Hirner",10,491538,5543851,-123.11819,50.04689,"Sample Station - Centroid","B-BUFF","",2,"","visual scan","UNK",NA,"","","",1,1,NA,NA,NA,NA,NA,NA,NA,NA,8,5,"South Coast",13,4
"Brandywine Falls Park",2015,5,1,"2015-05-01",1300,3,"Joanna Hirner",10,491539,5543921,-123.11818,50.04752,"Sample Station - Centroid","B-MALL","",4,"","visual scan","UNK",NA,"","","",2,2,NA,NA,NA,NA,NA,NA,NA,NA,8,5,"South Coast",13,4
"Brandywine Falls Park",2015,5,1,"2015-05-01",1300,3,"Joanna Hirner",10,491539,5543921,-123.11818,50.04752,"Sample Station - Centroid","B-RNDU","",6,"half and half'","visual scan","UNK",NA,"","","",3,3,NA,NA,NA,NA,NA,NA,NA,NA,8,5,"South Coast",13,4
"Brandywine Falls Park",2015,5,1,"2015-05-01",1300,3,"Joanna Hirner",10,491539,5543921,-123.11818,50.04752,"Sample Station - Centroid","B-BUFF","",1,"female or juvenile","visual scan","UNK",NA,"","","",NA,NA,NA,NA,NA,NA,1,NA,NA,NA,8,5,"South Coast",13,4
"Brandywine Falls Park",2015,5,1,"2015-05-01",1210,3,"Joanna Hirner",10,491538,5543851,-123.11819,50.04689,"Sample Station - Centroid","B-GWTE","",17,"8 males/ 9 females or juveniles","visual scan","UNK",NA,"","","",8,NA,NA,NA,NA,NA,9,NA,NA,NA,8,5,"South Coast",13,4
"Brandywine Falls Park",2015,5,1,"2015-05-01",1300,3,"Joanna Hirner",10,491539,5543921,-123.11818,50.04752,"Sample Station - Centroid","B-GWTE","",4,"more males it appears","visual scan","UNK",NA,"","","",NA,NA,NA,NA,NA,NA,4,NA,NA,NA,8,5,"South Coast",13,4
"Brandywine Falls Park",2015,5,1,"2015-05-01",1210,3,"Joanna Hirner",10,491538,5543851,-123.11819,50.04689,"Sample Station - Centroid","B-RNDU","",22,"","visual scan","UNK",NA,"","","",NA,NA,NA,NA,NA,NA,22,NA,NA,NA,8,5,"South Coast",13,4
"Brandywine Falls Park",2016,4,22,"2016-04-22",1430,11,"Joanna Hirner",10,491538,5543851,-123.11819,50.04689,"Sample Station - Centroid","B-BUFF","",4,"","","UNK",NA,"","","",NA,NA,NA,NA,2,2,NA,NA,NA,NA,8,5,"South Coast",13,4
"Brandywine Falls Park",2016,4,22,"2016-04-22",1430,11,"Joanna Hirner",10,491538,5543851,-123.11819,50.04689,"Sample Station - Centroid","B-WODU","",1,"","","UNK",NA,"","","",NA,NA,NA,NA,1,NA,NA,NA,NA,NA,8,5,"South Coast",13,4
"Brandywine Falls Park",2016,4,22,"2016-04-22",1430,11,"Joanna Hirner",10,491538,5543851,-123.11819,50.04689,"Sample Station - Centroid","B-GWTE","",4,"Green Winged Teal","","UNK",NA,"","","",NA,NA,NA,NA,2,2,NA,NA,NA,NA,8,5,"South Coast",13,4
"Brandywine Falls Park",2018,5,10,"2018-05-10",920,11,"Sietse Breedijik",10,491538,5543851,-123.11819,50.04689,"Sample Station - Centroid","NULL","",0,"","","UNK",NA,"","","",NA,NA,NA,NA,NA,NA,NA,NA,NA,NA,8,5,"South Coast",13,4
"Brandywine Falls Park",2018,5,10,"2018-05-10",952,11,"Sietse Breedijik",10,491539,5543921,-123.11818,50.04752,"Sample Station - Centroid","NULL","",0,"","","UNK",NA,"","","",NA,NA,NA,NA,NA,NA,NA,NA,NA,NA,8,5,"South Coast",13,4
"Brandywine Falls Park",2020,4,23,"2020-04-23",1315,13,"Joanna Hirner",10,491538,5543851,-123.11819,50.04689,"Sample Station - Centroid","GE-AYTHYA","",2,"Scaup","","UNK",NA,"","","",NA,2,NA,NA,NA,NA,NA,NA,NA,NA,8,5,"South Coast",13,4
"Brandywine Falls Park",2020,4,23,"2020-04-23",1315,13,"Joanna Hirner",10,491538,5543851,-123.11819,50.04689,"Sample Station - Centroid","GE-AYTHYA","",4,"Scaup","","UNK",NA,"","","",4,NA,NA,NA,NA,NA,NA,NA,NA,NA,8,5,"South Coast",13,4
"Brandywine Falls Park",2020,4,23,"2020-04-23",1430,13,"Joanna Hirner",10,491539,5543921,-123.11818,50.04752,"Sample Station - Centroid","B-CAGO","",1,"in Flight just heard not observed; count not given","","CA",NA,"","","",NA,NA,NA,NA,NA,NA,NA,NA,NA,NA,8,5,"South Coast",13,4
"Brandywine Falls Park",2020,4,23,"2020-04-23",1430,13,"Joanna Hirner",10,491539,5543921,-123.11818,50.04752,"Sample Station - Centroid","B-MALL","",2,"","","UNK",NA,"","","",NA,NA,NA,NA,1,1,NA,NA,NA,NA,8,5,"South Coast",13,4
"Brandywine Falls Park",2022,7,10,"2022-07-10",920,NA,"Forrest Rynearson",10,491539,5543921,-123.11818,50.04752,"Sample Station - Centroid","B-HOME","",1,"Likely same mother observed, chicks likely hidden behind vegetation","","VI",NA,"","","",NA,1,NA,NA,NA,NA,NA,NA,NA,NA,8,5,"South Coast",13,4
"Brandywine Falls Park",2023,6,6,"2023-06-06",1153,NA,"Melanie Tardif",10,491510,5543822,-123.11858,50.04663,"Survey Observation","B-HOME","",7,"","","UNK",NA,"","","",NA,1,NA,6,NA,NA,NA,NA,NA,NA,8,5,"South Coast",13,4
"Brandywine Falls Park",2023,6,6,"2023-06-06",1208,NA,"Melanie Tardif",10,491550,5543914,-123.11802,50.04746,"Survey Observation","NULL","",0,"","","UNK",NA,"","","",NA,NA,NA,NA,NA,NA,NA,NA,NA,NA,8,5,"South Coast",13,4
"Burges James Gadsden Park",2014,7,3,"2014-07-03",945,NA,"Brett Yeates",11,495327,5695739,-117.06719,51.41285,"Sample Station - Centroid","B-BUFF","",1,"","","UNK",NA,"","","",1,NA,NA,NA,NA,NA,NA,NA,NA,NA,8,7,"Kootenay Okanagan",14,7
"Burges James Gadsden Park",2014,7,3,"2014-07-03",800,NA,"Brett Yeates",11,495327,5695739,-117.06719,51.41285,"Sample Station - Centroid","B-HOME","",2,"","","UNK",NA,"","","",1,1,NA,NA,NA,NA,NA,NA,NA,NA,8,7,"Kootenay Okanagan",14,7
"Burges James Gadsden Park",2014,7,3,"2014-07-03",850,NA,"Brett Yeates",11,495327,5695739,-117.06719,51.41285,"Sample Station - Centroid","B-CAGO","",3,"","","UNK",NA,"","","",NA,NA,NA,NA,NA,NA,3,NA,NA,NA,8,7,"Kootenay Okanagan",14,7
"Burges James Gadsden Park",2014,7,3,"2014-07-03",730,NA,"Brett Yeates",11,495117,5696142,-117.07022,51.41647,"Sample Station - Centroid","FA-ANATIDAE","",2,"","","UNK",NA,"","","",NA,NA,NA,NA,NA,NA,1,NA,NA,NA,8,7,"Kootenay Okanagan",14,7
"Burges James Gadsden Park",2014,7,3,"2014-07-03",735,NA,"Brett Yeates",11,495117,5696142,-117.07022,51.41647,"Sample Station - Centroid","FA-ANATIDAE","",1,"","","UNK",NA,"","","",NA,NA,NA,NA,NA,NA,1,NA,NA,NA,8,7,"Kootenay Okanagan",14,7
"Burges James Gadsden Park",2014,7,3,"2014-07-03",1000,NA,"Brett Yeates",11,495117,5696142,-117.07022,51.41647,"Sample Station - Centroid","G-SCAP","",1,"","","UNK",NA,"","","",1,NA,NA,NA,NA,NA,NA,NA,NA,NA,8,7,"Kootenay Okanagan",14,7
"Burges James Gadsden Park",2015,7,22,"2015-07-22",1226,10,"Brett Yeates",11,495327,5695739,-117.06719,51.41285,"Sample Station - Centroid","B-MALL","",1,"Weather: +10C, 100% Cloud Cover, 10km S winds, var. precip ~ 2mm","visual scan","VI",NA,"","","",NA,1,NA,NA,NA,NA,NA,NA,NA,NA,8,7,"Kootenay Okanagan",14,7
"Burges James Gadsden Park",2015,7,22,"2015-07-22",1242,10,"Brett Yeates",11,495117,5696142,-117.07022,51.41647,"Sample Station - Centroid","G-SCAP","",2,"Too late, low water levels made for limited habitat; Suggest checking the EC Hydrometric Data for Columbia River @ Donald (Stn# 08NB005), prior to heading out on this protocol - primary water level @ this station should be above 3m at minimum, below this level and the study area will be mostly drained.","visual scan","VI",NA,"","","",1,1,NA,NA,NA,NA,NA,NA,NA,NA,8,7,"Kootenay Okanagan",14,7
"Burges James Gadsden Park",2016,6,25,"2016-06-25",1840,17,"Steph Whyte",11,495327,5695739,-117.06719,51.41285,"Sample Station - Centroid","B-BEKI","",1,"Waterlevels were low - Stn# 08NB003 showed a level of 2.9m on this day. Suggest checking the EC Hydrometric Data for Columbia River @ Donald (Stn# 08NB005), prior to heading out on this protocol - primary water level @ this station should be above 3m at minimum, below this level and the study area will be mostly drained.","visual scan","VI",NA,"","","",NA,NA,NA,NA,NA,NA,1,NA,NA,NA,8,7,"Kootenay Okanagan",14,7
"Burges James Gadsden Park",2016,6,25,"2016-06-25",1830,17,"Steph Whyte",11,495117,5696142,-117.07022,51.41647,"Sample Station - Centroid","B-WISN","",2,"Weather conditions (temperature, cloud cover, wind, precipitation): Gentle breeze NW, unbroken clouds, +17, nil","visual scan","VI",NA,"","","",NA,NA,NA,NA,NA,NA,2,NA,NA,NA,8,7,"Kootenay Okanagan",14,7
"Burges James Gadsden Park",2018,6,13,"2018-06-13",1204,17,"Liza Pegura",11,495117,5696142,-117.07022,51.41647,"Sample Station - Centroid","B-BUFF","",1,"bufflehead","","UNK",NA,"","","",NA,1,NA,NA,NA,NA,NA,NA,NA,NA,8,7,"Kootenay Okanagan",14,7
"Burges James Gadsden Park",2018,6,13,"2018-06-13",1204,17,"Liza Pegura",11,495117,5696142,-117.07022,51.41647,"Sample Station - Centroid","B-BUFF","",1,"bufflehead","","UNK",NA,"","","",NA,1,NA,NA,NA,NA,NA,NA,NA,NA,8,7,"Kootenay Okanagan",14,7
"Burges James Gadsden Park",2018,6,13,"2018-06-13",1204,17,"Liza Pegura",11,495117,5696142,-117.07022,51.41647,"Sample Station - Centroid","B-BUFF","",1,"bufflehead","","UNK",NA,"","","",NA,1,NA,NA,NA,NA,NA,NA,NA,NA,8,7,"Kootenay Okanagan",14,7
"Burges James Gadsden Park",2018,6,13,"2018-06-13",1226,17,"Liza Pegura",11,495327,5695739,-117.06719,51.41285,"Sample Station - Centroid","B-MALL","",1,"Mallard","","UNK",NA,"","","",NA,1,NA,NA,NA,NA,NA,NA,NA,NA,8,7,"Kootenay Okanagan",14,7
"Burges James Gadsden Park",2018,6,13,"2018-06-13",1204,17,"Liza Pegura",11,495117,5696142,-117.07022,51.41647,"Sample Station - Centroid","B-BUFF","",1,"bufflehead","","UNK",NA,"","","",1,NA,NA,NA,NA,NA,NA,NA,NA,NA,8,7,"Kootenay Okanagan",14,7
"Burges James Gadsden Park",2018,6,13,"2018-06-13",1204,17,"Liza Pegura",11,495117,5696142,-117.07022,51.41647,"Sample Station - Centroid","B-BUFF","",1,"bufflehead","","UNK",NA,"","","",1,NA,NA,NA,NA,NA,NA,NA,NA,NA,8,7,"Kootenay Okanagan",14,7
"Burges James Gadsden Park",2018,6,13,"2018-06-13",1226,17,"Liza Pegura",11,495327,5695739,-117.06719,51.41285,"Sample Station - Centroid","B-MALL","",1,"Mallard","","UNK",NA,"","","",1,NA,NA,NA,NA,NA,NA,NA,NA,NA,8,7,"Kootenay Okanagan",14,7
"Burges James Gadsden Park",2018,6,13,"2018-06-13",1224,17,"Liza Pegura",11,495327,5695739,-117.06719,51.41285,"Sample Station - Centroid","B-BEKI","",1,"Kingfisher","","UNK",NA,"","","",NA,NA,NA,NA,NA,NA,NA,NA,NA,NA,8,7,"Kootenay Okanagan",14,7
"Burges James Gadsden Park",2018,6,13,"2018-06-13",1345,17,"Liza Pegura",11,495117,5696142,-117.07022,51.41647,"Sample Station - Centroid","B-WISN","",2,"snipes? flushed out druing walk out of area","","UNK",NA,"","","",NA,NA,NA,NA,NA,NA,NA,NA,NA,NA,8,7,"Kootenay Okanagan",14,7
"Burges James Gadsden Park",2018,6,13,"2018-06-13",1240,17,"Liza Pegura",11,495327,5695739,-117.06719,51.41285,"Sample Station - Centroid","B-BAEA","",1,"Bald eagle","","UNK",NA,"","","",NA,NA,NA,NA,NA,NA,NA,NA,NA,NA,8,7,"Kootenay Okanagan",14,7
"Burges James Gadsden Park",2018,6,13,"2018-06-13",1303,17,"Liza Pegura",11,495117,5696142,-117.07022,51.41647,"Sample Station - Centroid","B-CAGO","",4,"canada goose","","UNK",NA,"","","",NA,NA,NA,NA,NA,NA,NA,NA,NA,NA,8,7,"Kootenay Okanagan",14,7
"Burges James Gadsden Park",2018,6,13,"2018-06-13",1255,17,"Liza Pegura",11,495327,5695739,-117.06719,51.41285,"Sample Station - Centroid","B-OSPR","",1,"osprey","","UNK",NA,"","","",NA,NA,NA,NA,NA,NA,NA,NA,NA,NA,8,7,"Kootenay Okanagan",14,7
"Burges James Gadsden Park",2018,6,13,"2018-06-13",1318,17,"Liza Pegura",11,495117,5696142,-117.07022,51.41647,"Sample Station - Centroid","G-SCAP","",2,"lesser scaup","","UNK",NA,"","","",NA,NA,NA,NA,NA,NA,NA,NA,NA,NA,8,7,"Kootenay Okanagan",14,7
"Burges James Gadsden Park",2019,6,4,"2019-06-04",1118,NA,"Jordon Austin",11,495117,5696142,-117.07022,51.41647,"Sample Station - Centroid","B-TRSW","",1,"","","UNK",NA,"","","",NA,NA,NA,NA,NA,NA,NA,NA,NA,NA,8,7,"Kootenay Okanagan",14,7
"Burges James Gadsden Park",2019,6,4,"2019-06-04",1123,NA,"Jordon Austin",11,495117,5696142,-117.07022,51.41647,"Sample Station - Centroid","B-TRSW","",1,"","","UNK",NA,"","","",NA,NA,NA,NA,NA,NA,NA,NA,NA,NA,8,7,"Kootenay Okanagan",14,7
"Burges James Gadsden Park",2019,6,4,"2019-06-04",1126,NA,"Jordon Austin",11,495117,5696142,-117.07022,51.41647,"Sample Station - Centroid","B-TRSW","",1,"","","UNK",NA,"","","",NA,NA,NA,NA,NA,NA,NA,NA,NA,NA,8,7,"Kootenay Okanagan",14,7
"Burges James Gadsden Park",2019,6,4,"2019-06-04",946,NA,"Jordon Austin",11,495327,5695739,-117.06719,51.41285,"Sample Station - Centroid","B-TRSW","",3,"","","UNK",NA,"","","",NA,NA,NA,NA,NA,NA,NA,NA,NA,NA,8,7,"Kootenay Okanagan",14,7
"Burges James Gadsden Park",2019,6,4,"2019-06-04",1000,NA,"Jordon Austin",11,495327,5695739,-117.06719,51.41285,"Sample Station - Centroid","B-TRSW","",2,"","","UNK",NA,"","","",NA,NA,NA,NA,NA,NA,NA,NA,NA,NA,8,7,"Kootenay Okanagan",14,7
"Burges James Gadsden Park",2019,6,4,"2019-06-04",1002,NA,"Jordon Austin",11,495327,5695739,-117.06719,51.41285,"Sample Station - Centroid","B-TRSW","",2,"","","UNK",NA,"","","",NA,NA,NA,NA,NA,NA,NA,NA,NA,NA,8,7,"Kootenay Okanagan",14,7
"Burges James Gadsden Park",2019,6,4,"2019-06-04",1005,NA,"Jordon Austin",11,495327,5695739,-117.06719,51.41285,"Sample Station - Centroid","B-TRSW","",1,"","","UNK",NA,"","","",NA,NA,NA,NA,NA,NA,NA,NA,NA,NA,8,7,"Kootenay Okanagan",14,7
"Burges James Gadsden Park",2019,6,4,"2019-06-04",1010,NA,"Jordon Austin",11,495327,5695739,-117.06719,51.41285,"Sample Station - Centroid","B-TRSW","",1,"","","UNK",NA,"","","",NA,NA,NA,NA,NA,NA,NA,NA,NA,NA,8,7,"Kootenay Okanagan",14,7
"Burges James Gadsden Park",2019,6,4,"2019-06-04",1032,NA,"Jordon Austin",11,495327,5695739,-117.06719,51.41285,"Sample Station - Centroid","B-TRSW","",1,"","","UNK",NA,"","","",NA,NA,NA,NA,NA,NA,NA,NA,NA,NA,8,7,"Kootenay Okanagan",14,7
"Burges James Gadsden Park",2019,6,4,"2019-06-04",1054,NA,"Jordon Austin",11,495117,5696142,-117.07022,51.41647,"Sample Station - Centroid","B-BAEA","",1,"","","UNK",NA,"","","",NA,NA,NA,NA,NA,NA,NA,NA,NA,NA,8,7,"Kootenay Okanagan",14,7
"Burges James Gadsden Park",2019,6,4,"2019-06-04",951,NA,"Jordon Austin",11,495327,5695739,-117.06719,51.41285,"Sample Station - Centroid","B-GBHE","",2,"","","UNK",NA,"","","",NA,NA,NA,NA,NA,NA,NA,NA,NA,NA,8,7,"Kootenay Okanagan",14,7
"Burges James Gadsden Park",2019,6,4,"2019-06-04",934,NA,"Jordon Austin",11,495327,5695739,-117.06719,51.41285,"Sample Station - Centroid","G-GOEY","",1,"","","UNK",NA,"","","",NA,NA,NA,NA,NA,NA,NA,NA,NA,NA,8,7,"Kootenay Okanagan",14,7
"Burges James Gadsden Park",2020,6,21,"2020-06-21",1224,NA,"Jordon Austin",11,495117,5696142,-117.07022,51.41647,"Sample Station - Centroid","B-TRSW","",1,"","","UNK",NA,"","","",NA,NA,NA,NA,NA,NA,NA,NA,NA,NA,8,7,"Kootenay Okanagan",14,7
"Burges James Gadsden Park",2020,6,21,"2020-06-21",1240,NA,"Jordon Austin",11,495117,5696142,-117.07022,51.41647,"Sample Station - Centroid","B-TRSW","",3,"","","UNK",NA,"","","",NA,NA,NA,NA,NA,NA,NA,NA,NA,NA,8,7,"Kootenay Okanagan",14,7
"Burges James Gadsden Park",2020,6,21,"2020-06-21",1257,NA,"Jordon Austin",11,495117,5696142,-117.07022,51.41647,"Sample Station - Centroid","B-TRSW","",1,"","","UNK",NA,"","","",NA,NA,NA,NA,NA,NA,NA,NA,NA,NA,8,7,"Kootenay Okanagan",14,7
"Burges James Gadsden Park",2020,6,21,"2020-06-21",1302,NA,"Jordon Austin",11,495117,5696142,-117.07022,51.41647,"Sample Station - Centroid","B-TRSW","",3,"","","UNK",NA,"","","",NA,NA,NA,NA,NA,NA,NA,NA,NA,NA,8,7,"Kootenay Okanagan",14,7
"Burges James Gadsden Park",2020,6,21,"2020-06-21",1304,NA,"Jordon Austin",11,495117,5696142,-117.07022,51.41647,"Sample Station - Centroid","B-TRSW","",1,"","","UNK",NA,"","","",NA,NA,NA,NA,NA,NA,NA,NA,NA,NA,8,7,"Kootenay Okanagan",14,7
"Burges James Gadsden Park",2020,6,21,"2020-06-21",1131,NA,"Jordon Austin",11,495327,5695739,-117.06719,51.41285,"Sample Station - Centroid","B-TRSW","",1,"","","UNK",NA,"","","",NA,NA,NA,NA,NA,NA,NA,NA,NA,NA,8,7,"Kootenay Okanagan",14,7
"Burges James Gadsden Park",2020,6,21,"2020-06-21",1131,NA,"Jordon Austin",11,495327,5695739,-117.06719,51.41285,"Sample Station - Centroid","B-TRSW","",1,"","","UNK",NA,"","","",NA,NA,NA,NA,NA,NA,NA,NA,NA,NA,8,7,"Kootenay Okanagan",14,7
"Burges James Gadsden Park",2020,6,21,"2020-06-21",1131,NA,"Jordon Austin",11,495327,5695739,-117.06719,51.41285,"Sample Station - Centroid","B-TRSW","",1,"","","UNK",NA,"","","",NA,NA,NA,NA,NA,NA,NA,NA,NA,NA,8,7,"Kootenay Okanagan",14,7
"Burges James Gadsden Park",2020,6,21,"2020-06-21",1131,NA,"Jordon Austin",11,495327,5695739,-117.06719,51.41285,"Sample Station - Centroid","B-TRSW","",1,"","","UNK",NA,"","","",NA,NA,NA,NA,NA,NA,NA,NA,NA,NA,8,7,"Kootenay Okanagan",14,7
"Burges James Gadsden Park",2020,6,21,"2020-06-21",1133,NA,"Jordon Austin",11,495327,5695739,-117.06719,51.41285,"Sample Station - Centroid","B-TRSW","",3,"","","UNK",NA,"","","",NA,NA,NA,NA,NA,NA,NA,NA,NA,NA,8,7,"Kootenay Okanagan",14,7
"Burges James Gadsden Park",2020,6,21,"2020-06-21",1133,NA,"Jordon Austin",11,495327,5695739,-117.06719,51.41285,"Sample Station - Centroid","B-TRSW","",3,"","","UNK",NA,"","","",NA,NA,NA,NA,NA,NA,NA,NA,NA,NA,8,7,"Kootenay Okanagan",14,7
"Burges James Gadsden Park",2020,6,21,"2020-06-21",1134,NA,"Jordon Austin",11,495327,5695739,-117.06719,51.41285,"Sample Station - Centroid","B-TRSW","",1,"","","UNK",NA,"","","",NA,NA,NA,NA,NA,NA,NA,NA,NA,NA,8,7,"Kootenay Okanagan",14,7
"Burges James Gadsden Park",2020,6,21,"2020-06-21",1135,NA,"Jordon Austin",11,495327,5695739,-117.06719,51.41285,"Sample Station - Centroid","B-TRSW","",2,"","","UNK",NA,"","","",NA,NA,NA,NA,NA,NA,NA,NA,NA,NA,8,7,"Kootenay Okanagan",14,7
"Burges James Gadsden Park",2020,6,21,"2020-06-21",1141,NA,"Jordon Austin",11,495327,5695739,-117.06719,51.41285,"Sample Station - Centroid","B-TRSW","",1,"","","UNK",NA,"","","",NA,NA,NA,NA,NA,NA,NA,NA,NA,NA,8,7,"Kootenay Okanagan",14,7
"Burges James Gadsden Park",2020,6,21,"2020-06-21",1142,NA,"Jordon Austin",11,495327,5695739,-117.06719,51.41285,"Sample Station - Centroid","B-TRSW","",2,"","","UNK",NA,"","","",NA,NA,NA,NA,NA,NA,NA,NA,NA,NA,8,7,"Kootenay Okanagan",14,7
"Burges James Gadsden Park",2020,6,21,"2020-06-21",1146,NA,"Jordon Austin",11,495327,5695739,-117.06719,51.41285,"Sample Station - Centroid","B-TRSW","",2,"","","UNK",NA,"","","",NA,NA,NA,NA,NA,NA,NA,NA,NA,NA,8,7,"Kootenay Okanagan",14,7
"Burges James Gadsden Park",2020,6,21,"2020-06-21",1146,NA,"Jordon Austin",11,495327,5695739,-117.06719,51.41285,"Sample Station - Centroid","B-TRSW","",2,"","","UNK",NA,"","","",NA,NA,NA,NA,NA,NA,NA,NA,NA,NA,8,7,"Kootenay Okanagan",14,7
"Burges James Gadsden Park",2020,6,21,"2020-06-21",1146,NA,"Jordon Austin",11,495327,5695739,-117.06719,51.41285,"Sample Station - Centroid","B-TRSW","",2,"","","UNK",NA,"","","",NA,NA,NA,NA,NA,NA,NA,NA,NA,NA,8,7,"Kootenay Okanagan",14,7
"Burges James Gadsden Park",2020,6,21,"2020-06-21",1150,NA,"Jordon Austin",11,495327,5695739,-117.06719,51.41285,"Sample Station - Centroid","B-TRSW","",2,"","","UNK",NA,"","","",NA,NA,NA,NA,NA,NA,NA,NA,NA,NA,8,7,"Kootenay Okanagan",14,7
"Burges James Gadsden Park",2020,6,21,"2020-06-21",1154,NA,"Jordon Austin",11,495327,5695739,-117.06719,51.41285,"Sample Station - Centroid","B-TRSW","",2,"","","UNK",NA,"","","",NA,NA,NA,NA,NA,NA,NA,NA,NA,NA,8,7,"Kootenay Okanagan",14,7
"Burges James Gadsden Park",2020,6,21,"2020-06-21",1157,NA,"Jordon Austin",11,495327,5695739,-117.06719,51.41285,"Sample Station - Centroid","B-TRSW","",1,"","","UNK",NA,"","","",NA,NA,NA,NA,NA,NA,NA,NA,NA,NA,8,7,"Kootenay Okanagan",14,7
"Burges James Gadsden Park",2020,6,21,"2020-06-21",1200,NA,"Jordon Austin",11,495327,5695739,-117.06719,51.41285,"Sample Station - Centroid","B-TRSW","",1,"","","UNK",NA,"","","",NA,NA,NA,NA,NA,NA,NA,NA,NA,NA,8,7,"Kootenay Okanagan",14,7
"Burges James Gadsden Park",2020,6,21,"2020-06-21",1208,NA,"Jordon Austin",11,495327,5695739,-117.06719,51.41285,"Sample Station - Centroid","B-TRSW","",2,"","","UNK",NA,"","","",NA,NA,NA,NA,NA,NA,NA,NA,NA,NA,8,7,"Kootenay Okanagan",14,7
"Burges James Gadsden Park",2020,6,21,"2020-06-21",1209,NA,"Jordon Austin",11,495327,5695739,-117.06719,51.41285,"Sample Station - Centroid","B-TRSW","",1,"","","UNK",NA,"","","",NA,NA,NA,NA,NA,NA,NA,NA,NA,NA,8,7,"Kootenay Okanagan",14,7
"Burges James Gadsden Park",2020,6,21,"2020-06-21",1211,NA,"Jordon Austin",11,495327,5695739,-117.06719,51.41285,"Sample Station - Centroid","B-TRSW","",2,"","","UNK",NA,"","","",NA,NA,NA,NA,NA,NA,NA,NA,NA,NA,8,7,"Kootenay Okanagan",14,7
"Burges James Gadsden Park",2020,6,21,"2020-06-21",1233,NA,"Jordon Austin",11,495117,5696142,-117.07022,51.41647,"Sample Station - Centroid","B-OSPR","",1,"","","UNK",NA,"","","",NA,NA,NA,NA,NA,NA,NA,NA,NA,NA,8,7,"Kootenay Okanagan",14,7
"Burges James Gadsden Park",2020,6,21,"2020-06-21",1258,NA,"Jordon Austin",11,495117,5696142,-117.07022,51.41647,"Sample Station - Centroid","B-OSPR","",1,"","","UNK",NA,"","","",NA,NA,NA,NA,NA,NA,NA,NA,NA,NA,8,7,"Kootenay Okanagan",14,7
"Burges James Gadsden Park",2020,6,21,"2020-06-21",1130,NA,"Jordon Austin",11,495327,5695739,-117.06719,51.41285,"Sample Station - Centroid","B-OSPR","",1,"","","UNK",NA,"","","",NA,NA,NA,NA,NA,NA,NA,NA,NA,NA,8,7,"Kootenay Okanagan",14,7
"Burges James Gadsden Park",2022,6,17,"2022-06-17",1530,15,"Liza Pegura",11,495327,5695739,-117.06719,51.41285,"Sample Station - Centroid","NULL","",0,"","","UNK",NA,"","","",NA,NA,NA,NA,NA,NA,NA,NA,NA,NA,8,7,"Kootenay Okanagan",14,7
"Burges James Gadsden Park",2022,6,17,"2022-06-17",1500,15,"Brett Mccullough",11,495117,5696142,-117.07022,51.41647,"Sample Station - Centroid","NULL","",0,"","","UNK",NA,"","","",NA,NA,NA,NA,NA,NA,NA,NA,NA,NA,8,7,"Kootenay Okanagan",14,7
"Burges James Gadsden Park",2023,7,4,"2023-07-04",454,28,"Liza Pegura",11,495117,5696142,-117.07022,51.41647,"Sample Station - Centroid","B-WISN","",1,"Wilsons Snipe","","UNK",NA,"","","",NA,NA,NA,NA,NA,NA,1,NA,NA,NA,8,7,"Kootenay Okanagan",14,7
"Burges James Gadsden Park",2023,7,4,"2023-07-04",456,28,"Liza Pegura",11,495117,5696142,-117.07022,51.41647,"Sample Station - Centroid","B-NOWA","",1,"Northern Waterthrush","","UNK",NA,"","","",NA,NA,NA,NA,NA,NA,1,NA,NA,NA,8,7,"Kootenay Okanagan",14,7
"Burges James Gadsden Park",2023,7,4,"2023-07-04",447,28,"Liza Pegura",11,495327,5695739,-117.06719,51.41285,"Sample Station - Centroid","FA-ANATIDAE","",1,"duckling (species unknown); the only waterfowl observed","","UNK",NA,"","","",NA,NA,NA,1,NA,NA,NA,NA,NA,NA,8,7,"Kootenay Okanagan",14,7
"Burges James Gadsden Park",2024,6,14,"2024-06-14",1045,15,"Brett Mccullough",11,495327,5695739,-117.06719,51.41285,"Sample Station - Centroid","B-TRSW","",2,"flying overhead from east to west","","VI",NA,"","","",2,NA,NA,NA,NA,NA,NA,NA,NA,NA,8,7,"Kootenay Okanagan",14,7
"Call Lake Park",2015,8,19,"2015-08-19",1030,15,"Darren Fillier",9,622699,6070449,-127.09284,54.76625,"Sample Station - Centroid","B-MALL","",1,"far side of lake - close to lily pads/aquatic vegetation - likely male nearby;","visual scan","VI",NA,"","","",NA,1,NA,NA,NA,NA,NA,NA,NA,NA,8,6,"North Coast Skeena",14,5
"Call Lake Park",2015,8,19,"2015-08-19",1115,15,"Darren Fillier",9,622551,6070914,-127.09494,54.77047,"Sample Station - Centroid","G-SCAP","",1,"Definitely same 1 as previously seen from Station #1; wary - moving toward Station #3 area - other 2 not wary;","visual scan","VI",NA,"","","",NA,1,NA,NA,NA,NA,NA,NA,NA,NA,8,6,"North Coast Skeena",14,5
"Call Lake Park",2015,8,19,"2015-08-19",1150,15,"Darren Fillier",9,622485,6070935,-127.09596,54.77067,"Sample Station - Centroid","G-MERG","",2,"middle of lake - preening/feeding;","visual scan","VI",NA,"","","",1,1,NA,NA,NA,NA,NA,NA,NA,NA,8,6,"North Coast Skeena",14,5
"Call Lake Park",2015,8,19,"2015-08-19",1150,15,"Darren Fillier",9,622485,6070935,-127.09596,54.77067,"Sample Station - Centroid","B-RNGR","",2,"far side of lake along aquatic vegetation - diving;","visual scan","VI",NA,"","","",1,1,NA,NA,NA,NA,NA,NA,NA,NA,8,6,"North Coast Skeena",14,5
"Call Lake Park",2015,8,19,"2015-08-19",1115,15,"Darren Fillier",9,622551,6070914,-127.09494,54.77047,"Sample Station - Centroid","G-SCAP","",2,"All 3 are diving/fish eating waterfowl - observed diving - not dabbling; Definitely same 2 as previously seen from Station #1;","visual scan","VI",NA,"","","",1,1,NA,NA,NA,NA,NA,NA,NA,NA,8,6,"North Coast Skeena",14,5
"Call Lake Park",2015,8,19,"2015-08-19",1150,15,"Darren Fillier",9,622485,6070935,-127.09596,54.77067,"Sample Station - Centroid","G-SCAP","",5,"small group - fishing toward west side of lake - feeding/fishing;","visual scan","VI",NA,"","","",2,3,NA,NA,NA,NA,NA,NA,NA,NA,8,6,"North Coast Skeena",14,5
"Call Lake Park",2015,8,19,"2015-08-19",1150,15,"Darren Fillier",9,622485,6070935,-127.09596,54.77067,"Sample Station - Centroid","G-SCAP","",6,"small group - fishing toward west side of lake - feeding/fishing; another small group - very westerly end of lake - quickly swimming/feeding (line 12 continued) in amongst/over to aquatic vegetation far side of lake - just did see (line 13 continued) and classify before moving into aquatic cover.;","visual scan","VI",NA,"","","",3,3,NA,NA,NA,NA,NA,NA,NA,NA,8,6,"North Coast Skeena",14,5
"Call Lake Park",2015,8,19,"2015-08-19",1030,15,"Darren Fillier",9,622699,6070449,-127.09284,54.76625,"Sample Station - Centroid","OR-ANSERIFORMES","",5,"At far end of lake near station #2 and #3 *await count from there*.  And at bottom of data sheet: Therefore = 5 - all diving/fish eating waterfowl - no dabblers.","visual scan","VI",NA,"","","",NA,NA,NA,NA,NA,NA,NA,NA,NA,NA,8,6,"North Coast Skeena",14,5
"Call Lake Park",2016,8,17,"2016-08-17",905,12,"Emily Ackeroyd",9,622699,6070449,-127.09284,54.76625,"Sample Station - Centroid","G-GOEY","",6,"Visually confirmed in flight","visual scan","UNK",NA,"","","",3,3,NA,NA,NA,NA,NA,NA,NA,NA,8,6,"North Coast Skeena",14,5
"Call Lake Park",2016,8,17,"2016-08-17",955,12,"Emily Ackeroyd",9,622485,6070935,-127.09596,54.77067,"Sample Station - Centroid","G-SCAP","",5,"hen with juveniles; 11 geese in V formation overhead, could not observe goldeneyes at end of lake, Noise - vehicle traffic, dog, helicopter, construction; Weather 10 C, 0% cloud cover, wind 0 km/hr, no precipitation","visual scan","UNK",NA,"","","",NA,1,NA,4,NA,NA,NA,NA,NA,NA,8,6,"North Coast Skeena",14,5
"Call Lake Park",2016,8,17,"2016-08-17",935,12,"Emily Ackeroyd",9,622551,6070914,-127.09494,54.77047,"Sample Station - Centroid","NULL","",0,"Frog observation - greyish with some small spots and orange lines on back","visual scan","UNK",NA,"","","",NA,NA,NA,NA,NA,NA,NA,NA,NA,NA,8,6,"North Coast Skeena",14,5
"Call Lake Park",2018,9,4,"2018-09-04",955,3,"Darren Fillier",9,622551,6070914,-127.09494,54.77047,"Sample Station - Centroid","B-CAGO","",5,"","","UNK",NA,"","","",NA,NA,NA,NA,NA,NA,NA,NA,NA,NA,8,6,"North Coast Skeena",14,5
"Call Lake Park",2018,9,4,"2018-09-04",1010,3,"Darren Fillier",9,622485,6070935,-127.09596,54.77067,"Sample Station - Centroid","B-CAGO","",35,"","","UNK",NA,"","","",NA,NA,NA,NA,NA,NA,NA,NA,NA,NA,8,6,"North Coast Skeena",14,5
"Call Lake Park",2018,9,4,"2018-09-04",920,3,"Darren Fillier",9,622699,6070449,-127.09284,54.76625,"Sample Station - Centroid","NULL","",0,"No birds observed.","","UNK",NA,"","","",NA,NA,NA,NA,NA,NA,NA,NA,NA,NA,8,6,"North Coast Skeena",14,5
"Call Lake Park",2019,9,18,"2019-09-18",1015,8,"Darren Fillier",9,622699,6070449,-127.09284,54.76625,"Sample Station - Centroid","B-CAGO","",5,"Group of geese flew over station towards #3.","","UNK",NA,"","","",NA,NA,NA,NA,NA,NA,NA,NA,NA,NA,8,6,"North Coast Skeena",14,5
"Call Lake Park",2019,9,18,"2019-09-18",1035,8,"Darren Fillier",9,622551,6070914,-127.09494,54.77047,"Sample Station - Centroid","B-CAGO","",50,"Migrant geese in lake.","","UNK",NA,"","","",NA,NA,NA,NA,NA,NA,NA,NA,NA,NA,8,6,"North Coast Skeena",14,5
"Call Lake Park",2019,9,18,"2019-09-18",1015,8,"Darren Fillier",9,622699,6070449,-127.09284,54.76625,"Sample Station - Centroid","FA-ANATIDAE","",9,"Diving duck","","UNK",NA,"","","",NA,NA,NA,NA,NA,NA,NA,NA,NA,NA,8,6,"North Coast Skeena",14,5
"Call Lake Park",2019,9,18,"2019-09-18",1035,8,"Darren Fillier",9,622551,6070914,-127.09494,54.77047,"Sample Station - Centroid","FA-ANATIDAE","",4,"Flying over too far away to ID.","","UNK",NA,"","","",NA,NA,NA,NA,NA,NA,NA,NA,NA,NA,8,6,"North Coast Skeena",14,5
"Call Lake Park",2019,9,18,"2019-09-18",1040,8,"Darren Fillier",9,622485,6070935,-127.09596,54.77067,"Sample Station - Centroid","B-RNDU","",4,"In weeds.","","UNK",NA,"","","",NA,NA,NA,NA,NA,NA,NA,NA,NA,NA,8,6,"North Coast Skeena",14,5
"Call Lake Park",2019,9,18,"2019-09-18",1035,8,"Darren Fillier",9,622551,6070914,-127.09494,54.77047,"Sample Station - Centroid","G-GOEY","",4,"Bumped ducks from station 2 to station 1.","","UNK",NA,"","","",NA,NA,NA,NA,NA,NA,NA,NA,NA,NA,8,6,"North Coast Skeena",14,5
"Call Lake Park",2022,8,15,"2022-08-15",950,18,"Darren Zillien",9,622699,6070449,-127.09284,54.76625,"Sample Station - Centroid","B-COLO","",1,"no other orchids, no loon calls","","UNK",NA,"","","",NA,NA,1,NA,NA,NA,NA,NA,NA,NA,8,6,"North Coast Skeena",14,5
"Call Lake Park",2022,8,15,"2022-08-15",1030,18,"Darren Zillien",9,622551,6070914,-127.09494,54.77047,"Sample Station - Centroid","B-COLO","",2,"breeding pair, no young observed","","UNK",NA,"","","",1,1,NA,NA,NA,NA,NA,NA,NA,NA,8,6,"North Coast Skeena",14,5
"Call Lake Park",2022,8,15,"2022-08-15",1050,18,"Darren Zillien",9,622485,6070935,-127.09596,54.77067,"Sample Station - Centroid","B-COLO","",2,"assumed same two","","UNK",NA,"","","",NA,NA,NA,NA,NA,NA,NA,NA,NA,NA,8,6,"North Coast Skeena",14,5
"Call Lake Park",2022,8,15,"2022-08-15",1000,18,"Darren Zillien",9,622699,6070449,-127.09284,54.76625,"Sample Station - Centroid","FA-ANATIDAE","",1,"dabbler flew by, uable to identify","","UNK",NA,"","","",NA,NA,NA,NA,NA,NA,NA,NA,NA,NA,8,6,"North Coast Skeena",14,5
"Call Lake Park",2023,8,17,"2023-08-17",0,15,"Darren Fillier",9,622700,6070440,-127.09283,54.76617,"Survey Observation","B-BUFF","",1,"flying middle of lake travelling west","","UNK",NA,"","","",1,NA,NA,NA,NA,NA,NA,NA,NA,NA,8,6,"North Coast Skeena",14,5
"Call Lake Park",2023,8,17,"2023-08-17",0,15,"Darren Fillier",9,622527,6070909,-127.09532,54.77043,"Survey Observation","B-COLO","",1,"middle of lake","","UNK",NA,"","","",NA,NA,1,NA,NA,NA,NA,NA,NA,NA,8,6,"North Coast Skeena",14,5
"Call Lake Park",2023,8,17,"2023-08-17",0,15,"Darren Fillier",9,622487,6070942,-127.09592,54.77073,"Survey Observation","B-PBGR","",2,"pied-billed grebes","","UNK",NA,"","","",NA,1,NA,1,NA,NA,NA,NA,NA,NA,8,6,"North Coast Skeena",14,5
"Call Lake Park",2023,8,17,"2023-08-17",0,15,"Darren Fillier",9,622700,6070440,-127.09283,54.76617,"Survey Observation","B-MALL","",1,"10 m from viewing site","","UNK",NA,"","","",NA,1,NA,NA,NA,NA,NA,NA,NA,NA,8,6,"North Coast Skeena",14,5
"Champion Lakes Park",2015,5,20,"2015-05-20",1120,20,"Chris Price",11,454339,5448597,-117.62664,49.18848,"Survey Observation","B-MALL","",9,"","visual scan","VI",NA,"","","",NA,1,NA,8,NA,NA,NA,NA,NA,NA,8,4,"Kootenay Okanagan",14,7
"Champion Lakes Park",2016,5,13,"2016-05-13",1353,16,"Dave Heagy",11,454213,5449123,-117.62843,49.1932,"Sample Station - Centroid","G-MERG","",2,"Weather: 16 deg, clear skies, light breeze, nil precip.","","UNK",NA,"","","",1,1,NA,NA,NA,NA,NA,NA,NA,NA,8,4,"Kootenay Okanagan",14,7
"Champion Lakes Park",2016,5,13,"2016-05-13",1330,16,"Dave Heagy",11,454213,5449123,-117.62843,49.1932,"Sample Station - Centroid","B-MALL","",3,"","","UNK",NA,"","","",3,NA,NA,NA,NA,NA,NA,NA,NA,NA,8,4,"Kootenay Okanagan",14,7
"Champion Lakes Park",2016,5,13,"2016-05-13",1445,16,"Dave Heagy",11,454213,5449123,-117.62843,49.1932,"Sample Station - Centroid","B-MALL","",2,"","","UNK",NA,"","","",1,1,NA,NA,NA,NA,NA,NA,NA,NA,8,4,"Kootenay Okanagan",14,7
"Champion Lakes Park",2017,6,17,"2017-06-17",1045,10,"Dave Heagy",11,454213,5449123,-117.62843,49.1932,"Sample Station - Centroid","G-GOEY","",1,"Weather: 10 deg, clear skies, calm winds, no precip.","visual scan","VI",NA,"","","",NA,1,NA,NA,NA,NA,NA,NA,NA,NA,8,4,"Kootenay Okanagan",14,7
"Champion Lakes Park",2017,6,17,"2017-06-17",1100,10,"Dave Heagy",11,454213,5449123,-117.62843,49.1932,"Sample Station - Centroid","G-GOEY","",5,"","visual scan","VI",NA,"","","",NA,1,NA,4,NA,NA,NA,NA,NA,NA,8,4,"Kootenay Okanagan",14,7
"Champion Lakes Park",2018,6,12,"2018-06-12",1230,12,"Tom Roos",11,454213,5449123,-117.62843,49.1932,"Sample Station - Centroid","G-GOEY","",1,"Barrows Goldeneye","","UNK",NA,"","","",NA,NA,NA,NA,NA,NA,NA,NA,NA,NA,8,4,"Kootenay Okanagan",14,7
"Champion Lakes Park",2018,6,12,"2018-06-12",1230,12,"Tom Roos",11,454213,5449123,-117.62843,49.1932,"Sample Station - Centroid","B-MALL","",9,"8 ducklings","","UNK",NA,"","","",NA,1,NA,8,NA,NA,NA,NA,NA,NA,8,4,"Kootenay Okanagan",14,7
"Champion Lakes Park",2019,5,14,"2019-05-14",1145,15,"Tom Roos",11,454213,5449123,-117.62843,49.1932,"Sample Station - Centroid","B-AMCO","",1,"","","UNK",NA,"","","",NA,NA,NA,NA,1,NA,NA,NA,NA,NA,8,4,"Kootenay Okanagan",14,7
"Champion Lakes Park",2019,5,14,"2019-05-14",1130,15,"Tom Roos",11,454213,5449123,-117.62843,49.1932,"Sample Station - Centroid","G-MERG","",1,"","","UNK",NA,"","","",NA,NA,NA,NA,1,NA,NA,NA,NA,NA,8,4,"Kootenay Okanagan",14,7
"Champion Lakes Park",2019,5,14,"2019-05-14",1210,15,"Tom Roos",11,454213,5449123,-117.62843,49.1932,"Sample Station - Centroid","G-MERG","",4,"","","UNK",NA,"","","",NA,NA,NA,NA,4,NA,NA,NA,NA,NA,8,4,"Kootenay Okanagan",14,7
"Champion Lakes Park",2019,5,14,"2019-05-14",1145,15,"Tom Roos",11,454213,5449123,-117.62843,49.1932,"Sample Station - Centroid","B-BAEA","",1,"","","UNK",NA,"","","",NA,NA,NA,NA,NA,NA,1,NA,NA,NA,8,4,"Kootenay Okanagan",14,7
"Champion Lakes Park",2019,5,14,"2019-05-14",1140,15,"Tom Roos",11,454213,5449123,-117.62843,49.1932,"Sample Station - Centroid","B-GBHE","",1,"","","UNK",NA,"","","",NA,NA,NA,NA,NA,NA,1,NA,NA,NA,8,4,"Kootenay Okanagan",14,7
"Champion Lakes Park",2019,5,14,"2019-05-14",1135,15,"Tom Roos",11,454213,5449123,-117.62843,49.1932,"Sample Station - Centroid","B-COLO","",1,"","","UNK",NA,"","","",NA,NA,NA,NA,1,NA,NA,NA,NA,NA,8,4,"Kootenay Okanagan",14,7
"Champion Lakes Park",2019,5,14,"2019-05-14",1140,15,"Tom Roos",11,454213,5449123,-117.62843,49.1932,"Sample Station - Centroid","B-MALL","",5,"","","UNK",NA,"","","",NA,NA,NA,NA,3,2,NA,NA,NA,NA,8,4,"Kootenay Okanagan",14,7
"Champion Lakes Park",2019,5,14,"2019-05-14",1230,15,"Tom Roos",11,454213,5449123,-117.62843,49.1932,"Sample Station - Centroid","B-MALL","",4,"","","UNK",NA,"","","",NA,NA,NA,NA,2,2,NA,NA,NA,NA,8,4,"Kootenay Okanagan",14,7
"Champion Lakes Park",2020,7,27,"2020-07-27",1115,24,"Tom Roos",11,454213,5449123,-117.62843,49.1932,"Sample Station - Centroid","G-MERG","",1,"","","UNK",NA,"","","",NA,NA,NA,NA,1,NA,NA,NA,NA,NA,8,4,"Kootenay Okanagan",14,7
"Champion Lakes Park",2020,7,27,"2020-07-27",1115,24,"Tom Roos",11,454213,5449123,-117.62843,49.1932,"Sample Station - Centroid","B-MALL","",2,"","","UNK",NA,"","","",NA,NA,NA,NA,1,1,NA,NA,NA,NA,8,4,"Kootenay Okanagan",14,7
"Champion Lakes Park",2021,6,16,"2021-06-16",1132,13,"Not Available",11,454213,5449123,-117.62843,49.1932,"Sample Station - Centroid","G-MERG","",1,"","","UNK",NA,"","","",NA,NA,NA,NA,NA,NA,1,NA,NA,NA,8,4,"Kootenay Okanagan",14,7
"Champion Lakes Park",2021,6,16,"2021-06-16",1145,13,"Not Available",11,454213,5449123,-117.62843,49.1932,"Sample Station - Centroid","G-MERG","",1,"","","UNK",NA,"","","",NA,NA,NA,NA,NA,NA,1,NA,NA,NA,8,4,"Kootenay Okanagan",14,7
"Champion Lakes Park",2021,6,16,"2021-06-16",1101,13,"Not Available",11,454213,5449123,-117.62843,49.1932,"Sample Station - Centroid","B-MALL","",1,"Can hear juveniles nearby. Visually confirmed juveniles at 13:30 with same female mallard.","","UNK",NA,"","","",NA,NA,NA,NA,NA,1,NA,NA,NA,NA,8,4,"Kootenay Okanagan",14,7
"Champion Lakes Park",2021,6,16,"2021-06-16",1330,13,"Not Available",11,454213,5449123,-117.62843,49.1932,"Sample Station - Centroid","B-MALL","",7,"","","UNK",NA,"","","",NA,NA,NA,7,NA,NA,NA,NA,NA,NA,8,4,"Kootenay Okanagan",14,7
"Champion Lakes Park",2022,6,6,"2022-06-06",0,10,"Jordon Austin",11,454213,5449123,-117.62843,49.1932,"Sample Station - Centroid","B-COLO","",1,"","","UNK",NA,"","","",1,NA,NA,NA,NA,NA,NA,NA,NA,NA,8,4,"Kootenay Okanagan",14,7
"Champion Lakes Park",2022,6,6,"2022-06-06",1114,10,"Jordon Austin",11,454213,5449123,-117.62843,49.1932,"Sample Station - Centroid","B-COLO","",1,"","","UNK",NA,"","","",1,NA,NA,NA,NA,NA,NA,NA,NA,NA,8,4,"Kootenay Okanagan",14,7
"Champion Lakes Park",2022,6,6,"2022-06-06",0,10,"Jordon Austin",11,454213,5449123,-117.62843,49.1932,"Sample Station - Centroid","B-MALL","",6,"female mallard on nest of 5 eggs","","UNK",NA,"","","",NA,1,NA,NA,NA,NA,NA,5,NA,NA,8,4,"Kootenay Okanagan",14,7
"Champion Lakes Park",2022,6,6,"2022-06-06",0,10,"Jordon Austin",11,454213,5449123,-117.62843,49.1932,"Sample Station - Centroid","B-MALL","",7,"female mallard with 6 ducklings","","UNK",NA,"","","",NA,1,NA,NA,NA,NA,NA,NA,6,NA,8,4,"Kootenay Okanagan",14,7
"Champion Lakes Park",2022,6,6,"2022-06-06",0,10,"Jordon Austin",11,454213,5449123,-117.62843,49.1932,"Sample Station - Centroid","B-MALL","",1,"","","UNK",NA,"","","",NA,1,NA,NA,NA,NA,NA,NA,NA,NA,8,4,"Kootenay Okanagan",14,7
"Hai Lake-Mount Herman Park",2015,5,17,"2015-05-17",1030,NA,"Gerald Nyce",9,526285,6029656,-128.59498,54.41396,"Sample Station - Centroid","NULL","",0,"","visual scan","VI",NA,"","","",NA,NA,NA,NA,NA,NA,NA,NA,NA,NA,8,3.5,"North Coast Skeena",14,5
"Hai Lake-Mount Herman Park",2015,5,17,"2015-05-17",959,NA,"Gerald Nyce",9,526292,6029350,-128.59489,54.41121,"Sample Station - Centroid","NULL","",0,"","visual scan","VI",NA,"","","",NA,NA,NA,NA,NA,NA,NA,NA,NA,NA,8,3.5,"North Coast Skeena",14,5
"Hai Lake-Mount Herman Park",2016,7,15,"2016-07-15",1158,20,"Mark Walkowsky",9,526292,6029350,-128.59489,54.41121,"Sample Station - Centroid","NULL","",0,"","visual scan","VI",NA,"","","",NA,NA,NA,NA,NA,NA,NA,NA,NA,NA,8,3.5,"North Coast Skeena",14,5
"Hai Lake-Mount Herman Park",2016,7,15,"2016-07-15",1212,20,"Mark Walkowsky",9,526285,6029656,-128.59498,54.41396,"Sample Station - Centroid","NULL","",0,"","visual scan","VI",NA,"","","",NA,NA,NA,NA,NA,NA,NA,NA,NA,NA,8,3.5,"North Coast Skeena",14,5
"Hai Lake-Mount Herman Park",2017,6,22,"2017-06-22",1117,14,"Diana Christianson",9,526292,6029350,-128.59489,54.41121,"Sample Station - Centroid","NULL","",0,"","visual scan","VI",NA,"","","",NA,NA,NA,NA,NA,NA,NA,NA,NA,NA,8,3.5,"North Coast Skeena",14,5
"Hai Lake-Mount Herman Park",2017,6,22,"2017-06-22",1135,14,"Diana Christianson",9,526285,6029656,-128.59498,54.41396,"Sample Station - Centroid","NULL","",0,"","visual scan","VI",NA,"","","",NA,NA,NA,NA,NA,NA,NA,NA,NA,NA,8,3.5,"North Coast Skeena",14,5
"Hai Lake-Mount Herman Park",2018,5,15,"2018-05-15",1405,16,"Not Available",9,526292,6029350,-128.59489,54.41121,"Sample Station - Centroid","NULL","",0,"Weather Conditions: Broken skies/Light S wind/ No Precipitation/ 16?C.","","UNK",NA,"","","",NA,NA,NA,NA,NA,NA,NA,NA,NA,NA,8,3.5,"North Coast Skeena",14,5
"Hai Lake-Mount Herman Park",2018,5,15,"2018-05-15",1435,16,"Not Available",9,526285,6029656,-128.59498,54.41396,"Sample Station - Centroid","NULL","",0,"Weather Conditions: Broken skies/Light S wind/ No Precipitation/ 16?C.","","UNK",NA,"","","",NA,NA,NA,NA,NA,NA,NA,NA,NA,NA,8,3.5,"North Coast Skeena",14,5
"Hai Lake-Mount Herman Park",2019,7,2,"2019-07-02",1430,25,"Not Available",9,526292,6029350,-128.59489,54.41121,"Sample Station - Centroid","NULL","",0,"Weather Conditions: Clear/ Calm/no Precip/ 25 deg","","UNK",NA,"","","",NA,NA,NA,NA,NA,NA,NA,NA,NA,NA,8,3.5,"North Coast Skeena",14,5
"Hai Lake-Mount Herman Park",2019,7,2,"2019-07-02",1441,25,"Not Available",9,526285,6029656,-128.59498,54.41396,"Sample Station - Centroid","NULL","",0,"Weather Conditions: Clear/ Calm/no Precip/ 25 deg","","UNK",NA,"","","",NA,NA,NA,NA,NA,NA,NA,NA,NA,NA,8,3.5,"North Coast Skeena",14,5
"Hai Lake-Mount Herman Park",2020,5,15,"2020-05-15",1112,15,"Not Available",9,526292,6029350,-128.59489,54.41121,"Sample Station - Centroid","NULL","",0,"Weather Conditions: Cloud cover <50%/Calm/0% snow/no precipitation; 15 deg. C. No waterfowl observed.","","UNK",NA,"","","",NA,NA,NA,NA,NA,NA,NA,NA,NA,NA,8,3.5,"North Coast Skeena",14,5
"Hai Lake-Mount Herman Park",2020,5,15,"2020-05-15",2335,15,"Not Available",9,526285,6029656,-128.59498,54.41396,"Sample Station - Centroid","NULL","",0,"Weather Conditions: Cloud cover <50%/Calm/0% snow/no precipitation; 15 deg. C. No waterfowl observed.","","UNK",NA,"","","",NA,NA,NA,NA,NA,NA,NA,NA,NA,NA,8,3.5,"North Coast Skeena",14,5
"Hai Lake-Mount Herman Park",2021,5,14,"2021-05-14",956,16,"Not Available",9,526285,6029656,-128.59498,54.41396,"Sample Station - Centroid","B-RNDU","",5,"","","UNK",NA,"","","",3,2,NA,NA,NA,NA,NA,NA,NA,NA,8,3.5,"North Coast Skeena",14,5
"Hai Lake-Mount Herman Park",2021,5,14,"2021-05-14",0,NA,"Not Available",9,526292,6029350,-128.59489,54.41121,"Sample Station - Centroid","NULL","",0,"","","UNK",NA,"","","",NA,NA,NA,NA,NA,NA,NA,NA,NA,NA,8,3.5,"North Coast Skeena",14,5
"Hai Lake-Mount Herman Park",2022,8,18,"2022-08-18",910,32,"Not Available",9,526292,6029350,-128.59489,54.41121,"Sample Station - Centroid","B-RNDU","",2,"Weather Conditions: Sunny and Hot; Muggy with no breeze, 32 deg C.  Station ID not provided so could be station 1 or 2.","","UNK",NA,"","","",1,1,NA,NA,NA,NA,NA,NA,NA,NA,8,3.5,"North Coast Skeena",14,5
"Mahoney Lake Ecological Reserve",2015,6,8,"2015-06-08",1915,15,"Kathryn Mccourt",11,312279,5463211,-119.58181,49.29278,"Sample Station - Centroid","B-MALL","",4,"","visual scan","VI",NA,"","","",NA,4,NA,NA,NA,NA,NA,NA,NA,NA,8,6,"Kootenay Okanagan",14,7
"Mahoney Lake Ecological Reserve",2015,6,8,"2015-06-08",1915,15,"Kathryn Mccourt",11,312279,5463211,-119.58181,49.29278,"Sample Station - Centroid","B-MALL","",8,"with one female","visual scan","VI",NA,"","","",NA,NA,NA,8,NA,NA,NA,NA,NA,NA,8,6,"Kootenay Okanagan",14,7
"Mahoney Lake Ecological Reserve",2015,6,8,"2015-06-08",1915,15,"Kathryn Mccourt",11,312384,5462829,-119.58018,49.28938,"Sample Station - Centroid","B-MALL","",1,"","visual scan","VI",NA,"","","",NA,NA,1,NA,NA,NA,NA,NA,NA,NA,8,6,"Kootenay Okanagan",14,7
"Mahoney Lake Ecological Reserve",2015,6,8,"2015-06-08",1915,15,"Kathryn Mccourt",11,312384,5462829,-119.58018,49.28938,"Sample Station - Centroid","B-MALL","",9,"no males visible on this count","visual scan","VI",NA,"","","",NA,NA,NA,9,NA,NA,NA,NA,NA,NA,8,6,"Kootenay Okanagan",14,7
"Mahoney Lake Ecological Reserve",2016,7,1,"2016-07-01",1440,NA,"Kathryn Mccourt",11,312279,5463211,-119.58181,49.29278,"Sample Station - Centroid","B-MALL","",1,"","visual scan","VI",NA,"","","",NA,1,NA,NA,NA,NA,NA,NA,NA,NA,8,6,"Kootenay Okanagan",14,7
"Mahoney Lake Ecological Reserve",2016,7,1,"2016-07-01",1440,NA,"Kathryn Mccourt",11,312279,5463211,-119.58181,49.29278,"Sample Station - Centroid","B-PBGR","",1,"","visual scan","VI",NA,"","","",NA,NA,1,NA,NA,NA,NA,NA,NA,NA,8,6,"Kootenay Okanagan",14,7
"Mahoney Lake Ecological Reserve",2016,7,1,"2016-07-01",1440,NA,"Kathryn Mccourt",11,312279,5463211,-119.58181,49.29278,"Sample Station - Centroid","G-GOEY","",1,"","visual scan","VI",NA,"","","",NA,NA,NA,1,NA,NA,NA,NA,NA,NA,8,6,"Kootenay Okanagan",14,7
"Mahoney Lake Ecological Reserve",2016,7,1,"2016-07-01",1520,NA,"Kathryn Mccourt",11,312384,5462829,-119.58018,49.28938,"Sample Station - Centroid","G-GOEY","",6,"","visual scan","VI",NA,"","","",NA,NA,NA,6,NA,NA,NA,NA,NA,NA,8,6,"Kootenay Okanagan",14,7
"Mahoney Lake Ecological Reserve",2016,7,1,"2016-07-01",1500,NA,"Kathryn Mccourt",11,312142,5463220,-119.58369,49.29282,"Sample Station - Centroid","B-RUDU","",5,"","visual scan","VI",NA,"","","",NA,NA,1,4,NA,NA,NA,NA,NA,NA,8,6,"Kootenay Okanagan",14,7
"Mahoney Lake Ecological Reserve",2016,7,1,"2016-07-01",1440,NA,"Kathryn Mccourt",11,312279,5463211,-119.58181,49.29278,"Sample Station - Centroid","B-CAGO","",21,"","visual scan","VI",NA,"","","",NA,NA,8,13,NA,NA,NA,NA,NA,NA,8,6,"Kootenay Okanagan",14,7
"Mahoney Lake Ecological Reserve",2016,7,1,"2016-07-01",1500,NA,"Kathryn Mccourt",11,312142,5463220,-119.58369,49.29282,"Sample Station - Centroid","B-CAGO","",6,"separate group from 21","visual scan","VI",NA,"","","",NA,NA,2,4,NA,NA,NA,NA,NA,NA,8,6,"Kootenay Okanagan",14,7
"Mahoney Lake Ecological Reserve",2016,7,1,"2016-07-01",1500,NA,"Kathryn Mccourt",11,312142,5463220,-119.58369,49.29282,"Sample Station - Centroid","B-MALL","",7,"","visual scan","VI",NA,"","","",NA,1,NA,6,NA,NA,NA,NA,NA,NA,8,6,"Kootenay Okanagan",14,7
"Mahoney Lake Ecological Reserve",2016,7,1,"2016-07-01",1440,NA,"Kathryn Mccourt",11,312279,5463211,-119.58181,49.29278,"Sample Station - Centroid","B-SPSA","",1,"heard only","visual scan","VI",NA,"","","",NA,NA,NA,NA,NA,NA,1,NA,NA,NA,8,6,"Kootenay Okanagan",14,7
"Mahoney Lake Ecological Reserve",2017,7,4,"2017-07-04",1015,NA,"Kirk Safford",11,312142,5463220,-119.58369,49.29282,"Sample Station - Centroid","B-AMCO","",1,"High water relative to recent years. More productive cover on shoreline, mainly Scurpius","visual scan","VI",NA,"","","",NA,1,NA,NA,NA,NA,NA,NA,NA,NA,8,6,"Kootenay Okanagan",14,7
"Mahoney Lake Ecological Reserve",2017,7,4,"2017-07-04",1110,NA,"Kirk Safford",11,312384,5462829,-119.58018,49.28938,"Sample Station - Centroid","B-RUDU","",1,"","visual scan","VI",NA,"","","",NA,1,NA,NA,NA,NA,NA,NA,NA,NA,8,6,"Kootenay Okanagan",14,7
"Mahoney Lake Ecological Reserve",2017,7,4,"2017-07-04",1015,NA,"Kirk Safford",11,312142,5463220,-119.58369,49.29282,"Sample Station - Centroid","B-RUDU","",1,"","visual scan","VI",NA,"","","",NA,1,NA,NA,NA,NA,NA,NA,NA,NA,8,6,"Kootenay Okanagan",14,7
"Mahoney Lake Ecological Reserve",2017,7,4,"2017-07-04",1110,NA,"Kirk Safford",11,312384,5462829,-119.58018,49.28938,"Sample Station - Centroid","B-MALL","",1,"","visual scan","VI",NA,"","","",NA,1,NA,NA,NA,NA,NA,NA,NA,NA,8,6,"Kootenay Okanagan",14,7
"Mahoney Lake Ecological Reserve",2017,7,4,"2017-07-04",1015,NA,"Kirk Safford",11,312142,5463220,-119.58369,49.29282,"Sample Station - Centroid","B-MALL","",1,"Weather: <50% cloud cover.  No precip. No snow cover. Light breeze.","visual scan","VI",NA,"","","",NA,1,NA,NA,NA,NA,NA,NA,NA,NA,8,6,"Kootenay Okanagan",14,7
"Mahoney Lake Ecological Reserve",2017,7,4,"2017-07-04",1015,NA,"Kirk Safford",11,312142,5463220,-119.58369,49.29282,"Sample Station - Centroid","B-MALL","",1,"","visual scan","VI",NA,"","","",NA,1,NA,NA,NA,NA,NA,NA,NA,NA,8,6,"Kootenay Okanagan",14,7
"Mahoney Lake Ecological Reserve",2017,7,4,"2017-07-04",1110,NA,"Kirk Safford",11,312384,5462829,-119.58018,49.28938,"Sample Station - Centroid","B-RUDU","",3,"","visual scan","VI",NA,"","","",3,NA,NA,NA,NA,NA,NA,NA,NA,NA,8,6,"Kootenay Okanagan",14,7
"Mahoney Lake Ecological Reserve",2017,7,4,"2017-07-04",1015,NA,"Kirk Safford",11,312142,5463220,-119.58369,49.29282,"Sample Station - Centroid","B-RUDU","",3,"","visual scan","VI",NA,"","","",3,NA,NA,NA,NA,NA,NA,NA,NA,NA,8,6,"Kootenay Okanagan",14,7
"Mahoney Lake Ecological Reserve",2017,7,4,"2017-07-04",1110,NA,"Kirk Safford",11,312384,5462829,-119.58018,49.28938,"Sample Station - Centroid","B-AMCO","",1,"","visual scan","VI",NA,"","","",NA,NA,1,NA,NA,NA,NA,NA,NA,NA,8,6,"Kootenay Okanagan",14,7
"Mahoney Lake Ecological Reserve",2017,7,4,"2017-07-04",1135,NA,"Kirk Safford",11,312105,5462391,-119.58381,49.28536,"Sample Station - Centroid","B-AMCO","",1,"","visual scan","VI",NA,"","","",NA,NA,1,NA,NA,NA,NA,NA,NA,NA,8,6,"Kootenay Okanagan",14,7
"Mahoney Lake Ecological Reserve",2017,7,4,"2017-07-04",1110,NA,"Kirk Safford",11,312384,5462829,-119.58018,49.28938,"Sample Station - Centroid","B-CAGO","",2,"2 spsa","visual scan","VI",NA,"","","",NA,NA,2,NA,NA,NA,NA,NA,NA,NA,8,6,"Kootenay Okanagan",14,7
"Mahoney Lake Ecological Reserve",2017,7,4,"2017-07-04",1135,NA,"Kirk Safford",11,312105,5462391,-119.58381,49.28536,"Sample Station - Centroid","B-CAGO","",2,"","visual scan","VI",NA,"","","",NA,NA,2,NA,NA,NA,NA,NA,NA,NA,8,6,"Kootenay Okanagan",14,7
"Mahoney Lake Ecological Reserve",2017,7,4,"2017-07-04",1110,NA,"Kirk Safford",11,312384,5462829,-119.58018,49.28938,"Sample Station - Centroid","B-PBGR","",2,"","visual scan","VI",NA,"","","",NA,NA,2,NA,NA,NA,NA,NA,NA,NA,8,6,"Kootenay Okanagan",14,7
"Mahoney Lake Ecological Reserve",2017,7,4,"2017-07-04",1015,NA,"Kirk Safford",11,312142,5463220,-119.58369,49.29282,"Sample Station - Centroid","B-PBGR","",1,"","visual scan","VI",NA,"","","",NA,NA,1,NA,NA,NA,NA,NA,NA,NA,8,6,"Kootenay Okanagan",14,7
"Mahoney Lake Ecological Reserve",2017,7,4,"2017-07-04",1015,NA,"Kirk Safford",11,312142,5463220,-119.58369,49.29282,"Sample Station - Centroid","B-AMCO","",4,"2spsa","visual scan","VI",NA,"","","",NA,NA,NA,4,NA,NA,NA,NA,NA,NA,8,6,"Kootenay Okanagan",14,7
"Mahoney Lake Ecological Reserve",2017,7,4,"2017-07-04",1110,NA,"Kirk Safford",11,312384,5462829,-119.58018,49.28938,"Sample Station - Centroid","B-RUDU","",9,"Small young","visual scan","VI",NA,"","","",NA,NA,NA,9,NA,NA,NA,NA,NA,NA,8,6,"Kootenay Okanagan",14,7
"Mahoney Lake Ecological Reserve",2017,7,4,"2017-07-04",1015,NA,"Kirk Safford",11,312142,5463220,-119.58369,49.29282,"Sample Station - Centroid","B-RUDU","",1,"","visual scan","VI",NA,"","","",NA,NA,NA,1,NA,NA,NA,NA,NA,NA,8,6,"Kootenay Okanagan",14,7
"Mahoney Lake Ecological Reserve",2017,7,4,"2017-07-04",1110,NA,"Kirk Safford",11,312384,5462829,-119.58018,49.28938,"Sample Station - Centroid","B-CAGO","",7,"","visual scan","VI",NA,"","","",NA,NA,NA,7,NA,NA,NA,NA,NA,NA,8,6,"Kootenay Okanagan",14,7
"Mahoney Lake Ecological Reserve",2017,7,4,"2017-07-04",1015,NA,"Kirk Safford",11,312142,5463220,-119.58369,49.29282,"Sample Station - Centroid","B-PBGR","",3,"","visual scan","VI",NA,"","","",NA,NA,NA,3,NA,NA,NA,NA,NA,NA,8,6,"Kootenay Okanagan",14,7
"Mahoney Lake Ecological Reserve",2017,7,4,"2017-07-04",1015,NA,"Kirk Safford",11,312142,5463220,-119.58369,49.29282,"Sample Station - Centroid","B-MALL","",11,"","visual scan","VI",NA,"","","",NA,NA,NA,11,NA,NA,NA,NA,NA,NA,8,6,"Kootenay Okanagan",14,7
"Mahoney Lake Ecological Reserve",2017,7,4,"2017-07-04",1015,NA,"Kirk Safford",11,312142,5463220,-119.58369,49.29282,"Sample Station - Centroid","B-MALL","",7,"","visual scan","VI",NA,"","","",NA,NA,NA,7,NA,NA,NA,NA,NA,NA,8,6,"Kootenay Okanagan",14,7
"Mahoney Lake Ecological Reserve",2017,7,4,"2017-07-04",1045,NA,"Kirk Safford",11,312337,5463178,-119.58099,49.2925,"Sample Station - Centroid","B-RNDU","",3,"","visual scan","VI",NA,"","","",NA,NA,NA,3,NA,NA,NA,NA,NA,NA,8,6,"Kootenay Okanagan",14,7
"Mahoney Lake Ecological Reserve",2017,7,4,"2017-07-04",1045,NA,"Kirk Safford",11,312337,5463178,-119.58099,49.2925,"Sample Station - Centroid","B-RNDU","",1,"all same size, may all be adults; F?; Painted turtle","visual scan","VI",NA,"","","",NA,1,NA,NA,NA,NA,NA,NA,NA,NA,8,6,"Kootenay Okanagan",14,7
"Mahoney Lake Ecological Reserve",2018,7,1,"2018-07-01",0,22,"Kathryn Mccourt",11,312384,5462829,-119.58018,49.28938,"Sample Station - Centroid","B-AMCO","",4,"","","UNK",NA,"","","",NA,NA,4,NA,NA,NA,NA,NA,NA,NA,8,6,"Kootenay Okanagan",14,7
"Mahoney Lake Ecological Reserve",2018,7,1,"2018-07-01",1800,22,"Kathryn Mccourt",11,312142,5463220,-119.58369,49.29282,"Sample Station - Centroid","B-AMCO","",5,"","","UNK",NA,"","","",NA,NA,5,NA,NA,NA,NA,NA,NA,NA,8,6,"Kootenay Okanagan",14,7
"Mahoney Lake Ecological Reserve",2018,7,1,"2018-07-01",0,22,"Kathryn Mccourt",11,312105,5462391,-119.58381,49.28536,"Sample Station - Centroid","B-AMCO","",3,"","","UNK",NA,"","","",NA,NA,1,2,NA,NA,NA,NA,NA,NA,8,6,"Kootenay Okanagan",14,7
"Mahoney Lake Ecological Reserve",2018,7,1,"2018-07-01",0,22,"Kathryn Mccourt",11,312142,5463220,-119.58369,49.29282,"Sample Station - Centroid","G-GOEY","",1,"","","UNK",NA,"","","",NA,1,NA,NA,NA,NA,NA,NA,NA,NA,8,6,"Kootenay Okanagan",14,7
"Mahoney Lake Ecological Reserve",2018,7,1,"2018-07-01",0,22,"Kathryn Mccourt",11,312384,5462829,-119.58018,49.28938,"Sample Station - Centroid","B-RUDU","",3,"","","UNK",NA,"","","",3,NA,NA,NA,NA,NA,NA,NA,NA,NA,8,6,"Kootenay Okanagan",14,7
"Mahoney Lake Ecological Reserve",2018,7,1,"2018-07-01",0,22,"Kathryn Mccourt",11,312142,5463220,-119.58369,49.29282,"Sample Station - Centroid","B-RUDU","",9,"","","UNK",NA,"","","",6,3,NA,NA,NA,NA,NA,NA,NA,NA,8,6,"Kootenay Okanagan",14,7
"Mahoney Lake Ecological Reserve",2018,7,1,"2018-07-01",0,22,"Kathryn Mccourt",11,312142,5463220,-119.58369,49.29282,"Sample Station - Centroid","B-CAGO","",8,"","","UNK",NA,"","","",NA,NA,8,NA,NA,NA,NA,NA,NA,NA,8,6,"Kootenay Okanagan",14,7
"Mahoney Lake Ecological Reserve",2018,7,1,"2018-07-01",0,22,"Kathryn Mccourt",11,312142,5463220,-119.58369,49.29282,"Sample Station - Centroid","B-PBGR","",2,"","","UNK",NA,"","","",NA,NA,1,1,NA,NA,NA,NA,NA,NA,8,6,"Kootenay Okanagan",14,7
"Mahoney Lake Ecological Reserve",2018,7,1,"2018-07-01",0,22,"Kathryn Mccourt",11,312384,5462829,-119.58018,49.28938,"Sample Station - Centroid","B-MALL","",6,"","","UNK",NA,"","","",NA,1,NA,5,NA,NA,NA,NA,NA,NA,8,6,"Kootenay Okanagan",14,7
"Mahoney Lake Ecological Reserve",2018,7,1,"2018-07-01",0,22,"Kathryn Mccourt",11,312142,5463220,-119.58369,49.29282,"Sample Station - Centroid","B-MALL","",5,"","","UNK",NA,"","","",NA,5,NA,NA,NA,NA,NA,NA,NA,NA,8,6,"Kootenay Okanagan",14,7
"Mahoney Lake Ecological Reserve",2018,7,1,"2018-07-01",0,22,"Kathryn Mccourt",11,312142,5463220,-119.58369,49.29282,"Sample Station - Centroid","B-RNDU","",31,"likely in migration","","UNK",NA,"","","",30,1,NA,NA,NA,NA,NA,NA,NA,NA,8,6,"Kootenay Okanagan",14,7
"Mahoney Lake Ecological Reserve",2018,7,1,"2018-07-01",0,22,"Kathryn Mccourt",11,312142,5463220,-119.58369,49.29282,"Sample Station - Centroid","B-SPSA","",2,"","","UNK",NA,"","","",NA,NA,1,1,NA,NA,NA,NA,NA,NA,8,6,"Kootenay Okanagan",14,7
"Mahoney Lake Ecological Reserve",2019,7,7,"2019-07-07",0,17,"Kathryn Mccourt",11,312384,5462829,-119.58018,49.28938,"Sample Station - Centroid","B-AMCO","",4,"","","UNK",NA,"","","",NA,NA,2,2,NA,NA,NA,NA,NA,NA,8,6,"Kootenay Okanagan",14,7
"Mahoney Lake Ecological Reserve",2019,7,7,"2019-07-07",840,17,"Kathryn Mccourt",11,312142,5463220,-119.58369,49.29282,"Sample Station - Centroid","B-AMCO","",12,"","","UNK",NA,"","","",NA,NA,5,7,NA,NA,NA,NA,NA,NA,8,6,"Kootenay Okanagan",14,7
"Mahoney Lake Ecological Reserve",2019,7,7,"2019-07-07",0,17,"Kathryn Mccourt",11,312105,5462391,-119.58381,49.28536,"Sample Station - Centroid","B-AMCO","",3,"","","UNK",NA,"","","",NA,NA,3,NA,NA,NA,NA,NA,NA,NA,8,6,"Kootenay Okanagan",14,7
"Mahoney Lake Ecological Reserve",2019,7,7,"2019-07-07",0,17,"Kathryn Mccourt",11,312142,5463220,-119.58369,49.29282,"Sample Station - Centroid","G-GOEY","",9,"","","UNK",NA,"","","",NA,1,NA,8,NA,NA,NA,NA,NA,NA,8,6,"Kootenay Okanagan",14,7
"Mahoney Lake Ecological Reserve",2019,7,7,"2019-07-07",0,17,"Kathryn Mccourt",11,312384,5462829,-119.58018,49.28938,"Sample Station - Centroid","B-RUDU","",3,"","","UNK",NA,"","","",2,1,NA,NA,NA,NA,NA,NA,NA,NA,8,6,"Kootenay Okanagan",14,7
"Mahoney Lake Ecological Reserve",2019,7,7,"2019-07-07",0,17,"Kathryn Mccourt",11,312142,5463220,-119.58369,49.29282,"Sample Station - Centroid","B-RUDU","",8,"","","UNK",NA,"","","",2,2,NA,4,NA,NA,NA,NA,NA,NA,8,6,"Kootenay Okanagan",14,7
"Mahoney Lake Ecological Reserve",2019,7,7,"2019-07-07",0,17,"Kathryn Mccourt",11,312384,5462829,-119.58018,49.28938,"Sample Station - Centroid","B-PBGR","",3,"","","UNK",NA,"","","",NA,NA,2,1,NA,NA,NA,NA,NA,NA,8,6,"Kootenay Okanagan",14,7
"Mahoney Lake Ecological Reserve",2019,7,7,"2019-07-07",0,17,"Kathryn Mccourt",11,312142,5463220,-119.58369,49.29282,"Sample Station - Centroid","B-PBGR","",8,"","","UNK",NA,"","","",NA,NA,4,4,NA,NA,NA,NA,NA,NA,8,6,"Kootenay Okanagan",14,7
"Mahoney Lake Ecological Reserve",2019,7,7,"2019-07-07",0,17,"Kathryn Mccourt",11,312142,5463220,-119.58369,49.29282,"Sample Station - Centroid","B-MALL","",6,"","","UNK",NA,"","","",NA,3,NA,3,NA,NA,NA,NA,NA,NA,8,6,"Kootenay Okanagan",14,7
"Mahoney Lake Ecological Reserve",2019,7,7,"2019-07-07",0,17,"Kathryn Mccourt",11,312142,5463220,-119.58369,49.29282,"Sample Station - Centroid","G-SCAP","",22,"","","UNK",NA,"","","",NA,NA,2,20,NA,NA,NA,NA,NA,NA,8,6,"Kootenay Okanagan",14,7
"Mahoney Lake Ecological Reserve",2019,7,7,"2019-07-07",0,17,"Kathryn Mccourt",11,312142,5463220,-119.58369,49.29282,"Sample Station - Centroid","B-SPSA","",1,"","","UNK",NA,"","","",NA,NA,1,NA,NA,NA,NA,NA,NA,NA,8,6,"Kootenay Okanagan",14,7
"Mahoney Lake Ecological Reserve",2020,6,30,"2020-06-30",1515,18,"Kathryn Mccourt",11,312384,5462829,-119.58018,49.28938,"Sample Station - Centroid","B-AMCO","",5,"","","UNK",NA,"","","",NA,NA,4,1,NA,NA,NA,NA,NA,NA,8,6,"Kootenay Okanagan",14,7
"Mahoney Lake Ecological Reserve",2020,6,30,"2020-06-30",1515,18,"Kathryn Mccourt",11,312142,5463220,-119.58369,49.29282,"Sample Station - Centroid","B-AMCO","",10,"","","UNK",NA,"","","",NA,NA,8,4,NA,NA,NA,NA,NA,NA,8,6,"Kootenay Okanagan",14,7
"Mahoney Lake Ecological Reserve",2020,6,30,"2020-06-30",1515,18,"Kathryn Mccourt",11,312105,5462391,-119.58381,49.28536,"Sample Station - Centroid","B-AMCO","",2,"","","UNK",NA,"","","",NA,NA,2,NA,NA,NA,NA,NA,NA,NA,8,6,"Kootenay Okanagan",14,7
"Mahoney Lake Ecological Reserve",2020,6,30,"2020-06-30",1515,18,"Kathryn Mccourt",11,312142,5463220,-119.58369,49.29282,"Sample Station - Centroid","B-RUDU","",6,"","","UNK",NA,"","","",NA,NA,NA,NA,4,2,NA,NA,NA,NA,8,6,"Kootenay Okanagan",14,7
"Mahoney Lake Ecological Reserve",2020,6,30,"2020-06-30",1515,18,"Kathryn Mccourt",11,312142,5463220,-119.58369,49.29282,"Sample Station - Centroid","B-CAGO","",11,"","","UNK",NA,"","","",NA,NA,4,7,NA,NA,NA,NA,NA,NA,8,6,"Kootenay Okanagan",14,7
"Mahoney Lake Ecological Reserve",2020,6,30,"2020-06-30",1515,18,"Kathryn Mccourt",11,312384,5462829,-119.58018,49.28938,"Sample Station - Centroid","B-PBGR","",1,"","","UNK",NA,"","","",NA,NA,NA,NA,1,NA,NA,NA,NA,NA,8,6,"Kootenay Okanagan",14,7
"Mahoney Lake Ecological Reserve",2020,6,30,"2020-06-30",1515,18,"Kathryn Mccourt",11,312142,5463220,-119.58369,49.29282,"Sample Station - Centroid","B-PBGR","",3,"","","UNK",NA,"","","",NA,NA,NA,1,1,1,NA,NA,NA,NA,8,6,"Kootenay Okanagan",14,7
"Mahoney Lake Ecological Reserve",2020,6,30,"2020-06-30",1515,18,"Kathryn Mccourt",11,312105,5462391,-119.58381,49.28536,"Sample Station - Centroid","B-PBGR","",2,"","","UNK",NA,"","","",NA,NA,NA,1,NA,1,NA,NA,NA,NA,8,6,"Kootenay Okanagan",14,7
"Mahoney Lake Ecological Reserve",2020,6,30,"2020-06-30",1515,18,"Kathryn Mccourt",11,312142,5463220,-119.58369,49.29282,"Sample Station - Centroid","B-MALL","",3,"","","UNK",NA,"","","",NA,NA,NA,NA,2,1,NA,NA,NA,NA,8,6,"Kootenay Okanagan",14,7
"Mahoney Lake Ecological Reserve",2020,6,30,"2020-06-30",1515,18,"Kathryn Mccourt",11,312105,5462391,-119.58381,49.28536,"Sample Station - Centroid","B-MALL","",13,"","","UNK",NA,"","","",NA,NA,NA,11,NA,2,NA,NA,NA,NA,8,6,"Kootenay Okanagan",14,7
"Mahoney Lake Ecological Reserve",2020,6,30,"2020-06-30",1515,18,"Kathryn Mccourt",11,312142,5463220,-119.58369,49.29282,"Sample Station - Centroid","B-SPSA","",3,"nest on east side of lake?","","UNK",NA,"","","",NA,NA,3,NA,NA,NA,NA,NA,NA,NA,8,6,"Kootenay Okanagan",14,7
"Mahoney Lake Ecological Reserve",2021,6,25,"2021-06-25",0,NA,"Kathryn Mccourt",11,312384,5462829,-119.58018,49.28938,"Sample Station - Centroid","B-AMCO","",2,"American Coot","","VI",NA,"","","",NA,NA,2,NA,NA,NA,NA,NA,NA,NA,8,6,"Kootenay Okanagan",14,7
"Mahoney Lake Ecological Reserve",2021,6,25,"2021-06-25",0,NA,"Kathryn Mccourt",11,312337,5463178,-119.58099,49.2925,"Sample Station - Centroid","B-AMCO","",4,"American Coot","","VI",NA,"","","",NA,NA,2,2,NA,NA,NA,NA,NA,NA,8,6,"Kootenay Okanagan",14,7
"Mahoney Lake Ecological Reserve",2021,6,25,"2021-06-25",0,NA,"Kathryn Mccourt",11,312448,5462495,-119.57915,49.2864,"Sample Station - Centroid","B-CAGO","",23,"Canada Goose","","VI",NA,"","","",NA,NA,8,15,NA,NA,NA,NA,NA,NA,8,6,"Kootenay Okanagan",14,7
"Mahoney Lake Ecological Reserve",2021,6,25,"2021-06-25",0,NA,"Kathryn Mccourt",11,312337,5463178,-119.58099,49.2925,"Sample Station - Centroid","B-PBGR","",3,"Pied-Billed Grebe","","VI",NA,"","","",NA,NA,2,1,NA,NA,NA,NA,NA,NA,8,6,"Kootenay Okanagan",14,7
"Mahoney Lake Ecological Reserve",2021,6,25,"2021-06-25",0,NA,"Kathryn Mccourt",11,312233,5462420,-119.58207,49.28566,"Sample Station - Centroid","B-PBGR","",2,"","","VI",NA,"","","",NA,NA,2,NA,NA,NA,NA,NA,NA,NA,8,6,"Kootenay Okanagan",14,7
"Mahoney Lake Ecological Reserve",2021,6,25,"2021-06-25",0,NA,"Kathryn Mccourt",11,312142,5463220,-119.58369,49.29282,"Sample Station - Centroid","B-MALL","",5,"Mallard","","VI",NA,"","","",NA,1,NA,4,NA,NA,NA,NA,NA,NA,8,6,"Kootenay Okanagan",14,7
"Mahoney Lake Ecological Reserve",2021,6,25,"2021-06-25",0,NA,"Kathryn Mccourt",11,312448,5462495,-119.57915,49.2864,"Sample Station - Centroid","B-MALL","",3,"","","VI",NA,"","","",NA,3,NA,NA,NA,NA,NA,NA,NA,NA,8,6,"Kootenay Okanagan",14,7
"Mahoney Lake Ecological Reserve",2021,6,25,"2021-06-25",0,NA,"Kathryn Mccourt",11,312384,5462829,-119.58018,49.28938,"Sample Station - Centroid","B-SPSA","",1,"Spotted Sandpiper heard","","CA",NA,"","","",NA,NA,NA,NA,NA,NA,NA,NA,NA,NA,8,6,"Kootenay Okanagan",14,7
"Mahoney Lake Ecological Reserve",2021,6,25,"2021-06-25",0,NA,"Kathryn Mccourt",11,312337,5463178,-119.58099,49.2925,"Sample Station - Centroid","B-SPSA","",1,"Spotted Sandpiper heard","","CA",NA,"","","",NA,NA,NA,NA,NA,NA,NA,NA,NA,NA,8,6,"Kootenay Okanagan",14,7
"Mahoney Lake Ecological Reserve",2021,6,25,"2021-06-25",0,NA,"Kathryn Mccourt",11,312233,5462420,-119.58207,49.28566,"Sample Station - Centroid","B-SPSA","",2,"","","VI",NA,"","","",NA,NA,2,NA,NA,NA,NA,NA,NA,NA,8,6,"Kootenay Okanagan",14,7
"Misty Lake Ecological Reserve",2014,4,9,"2014-04-09",0,5,"Mac Willing",9,622446,5607346,-127.26959,50.60514,"Sample Station - Centroid","B-BUFF","",6,"","","UNK",NA,"","","",NA,NA,NA,NA,NA,NA,NA,NA,NA,NA,8,4,"West Coast",13,13
"Misty Lake Ecological Reserve",2014,4,9,"2014-04-09",0,5,"Mac Willing",9,622446,5607346,-127.26959,50.60514,"Sample Station - Centroid","B-BUFF","",15,"","","UNK",NA,"","","",NA,NA,NA,NA,NA,NA,NA,NA,NA,NA,8,4,"West Coast",13,13
"Misty Lake Ecological Reserve",2014,4,9,"2014-04-09",0,5,"Mac Willing",9,622446,5607346,-127.26959,50.60514,"Sample Station - Centroid","B-CAGO","",0,"Evidence of Canada goose from winter.","","UNK",NA,"","","DC",NA,NA,NA,NA,NA,NA,NA,NA,NA,NA,8,4,"West Coast",13,13
"Misty Lake Ecological Reserve",2015,3,30,"2015-03-30",1215,11,"Jessie Moore",9,622446,5607346,-127.26959,50.60514,"Sample Station - Centroid","B-BUFF","",6,"","","UNK",NA,"","","",4,2,NA,NA,NA,NA,NA,NA,NA,NA,8,4,"West Coast",13,13
"Misty Lake Ecological Reserve",2015,3,30,"2015-03-30",1335,11,"Jessie Moore",9,622446,5607346,-127.26959,50.60514,"Sample Station - Centroid","B-BUFF","",4,"","visual scan","VI",NA,"","","",2,2,NA,NA,NA,NA,NA,NA,NA,NA,8,4,"West Coast",13,13
"Misty Lake Ecological Reserve",2015,3,30,"2015-03-30",1340,11,"Jessie Moore",9,622446,5607346,-127.26959,50.60514,"Sample Station - Centroid","OR-ANSERIFORMES","",3,"","visual scan","VI",NA,"","","",NA,NA,NA,NA,NA,NA,3,NA,NA,NA,8,4,"West Coast",13,13
"Misty Lake Ecological Reserve",2016,3,31,"2016-03-31",810,10,"Mac Willing",9,622973,5607292,-127.26217,50.60455,"Sample Station - Centroid","B-BUFF","",4,"2 pairs in different locations. Observations made using 8x30 binoculars & 21 power spotting scope","","UNK",NA,"","","",2,2,NA,NA,NA,NA,NA,NA,NA,NA,8,4,"West Coast",13,13
"Misty Lake Ecological Reserve",2016,3,31,"2016-03-31",810,10,"Mac Willing",9,622446,5607346,-127.26959,50.60514,"Sample Station - Centroid","GE-AYTHYA","",2,"Flying down stream out of view;  Water level approximately 30cm below high water floated debris. Observations made using 8x30 binoculars & 21 power spotting scope                                                                                                                                                     Observations were made using 8x25 binoculars and Celestron Ultima 65 spotting scope.","visual scan","UNK",NA,"","","",1,1,NA,NA,NA,NA,NA,NA,NA,NA,8,4,"West Coast",13,13
"Misty Lake Ecological Reserve",2016,3,31,"2016-03-31",810,10,"Mac Willing",9,622446,5607346,-127.26959,50.60514,"Sample Station - Centroid","GE-AYTHYA","",1,"Feeding. Observations made using 8x30 binoculars & 21 power spotting scope","","UNK",NA,"","","",NA,NA,1,NA,NA,NA,NA,NA,NA,NA,8,4,"West Coast",13,13
"Misty Lake Ecological Reserve",2016,3,31,"2016-03-31",810,10,"Mac Willing",9,622973,5607292,-127.26217,50.60455,"Sample Station - Centroid","GE-AYTHYA","",8,"4 pairs in different locations. Observations made using 8x30 binoculars & 21 power spotting scope","","UNK",NA,"","","",4,4,NA,NA,NA,NA,NA,NA,NA,NA,8,4,"West Coast",13,13
"Misty Lake Ecological Reserve",2016,3,31,"2016-03-31",810,10,"Mac Willing",9,622446,5607346,-127.26959,50.60514,"Sample Station - Centroid","OR-ANSERIFORMES","",3,"species unidentified. Observations made using 8x30 binoculars & 21 power spotting scope","","UNK",NA,"","","",NA,NA,NA,NA,NA,NA,3,NA,NA,NA,8,4,"West Coast",13,13
"Misty Lake Ecological Reserve",2016,3,31,"2016-03-31",810,10,"Mac Willing",9,623100,5607264,-127.26038,50.60427,"Sample Station - Centroid","NULL","",0,"*No waterfowl observed at this point. Observations made using 8x30 binoculars & 21 power spotting scope","","UNK",NA,"","","",NA,NA,NA,NA,NA,NA,NA,NA,NA,NA,8,4,"West Coast",13,13
"Misty Lake Ecological Reserve",2017,5,17,"2017-05-17",1430,NA,"Mac Willing",9,622446,5607346,-127.26959,50.60514,"Sample Station - Centroid","NULL","",0,"*No waterfowl observed - see incidental observations for other bird species","visual scan","UNK",NA,"","","",NA,NA,NA,NA,NA,NA,NA,NA,NA,NA,8,4,"West Coast",13,13
"Misty Lake Ecological Reserve",2017,5,17,"2017-05-17",1430,NA,"Mac Willing",9,622973,5607292,-127.26217,50.60455,"Sample Station - Centroid","NULL","",0,"*No waterfowl observed - see incidental observations for other bird species","visual scan","UNK",NA,"","","",NA,NA,NA,NA,NA,NA,NA,NA,NA,NA,8,4,"West Coast",13,13
"Misty Lake Ecological Reserve",2017,5,17,"2017-05-17",1430,NA,"Mac Willing",9,623100,5607264,-127.26038,50.60427,"Sample Station - Centroid","NULL","",0,"*No waterfowl observed - see incidental observations for other bird species","visual scan","UNK",NA,"","","",NA,NA,NA,NA,NA,NA,NA,NA,NA,NA,8,4,"West Coast",13,13
"Misty Lake Ecological Reserve",2018,3,30,"2018-03-30",0,11,"Jessie Moore",9,622446,5607346,-127.26959,50.60514,"Sample Station - Centroid","B-BUFF","",6,"","","UNK",NA,"","","",NA,NA,NA,NA,NA,NA,NA,NA,NA,NA,8,4,"West Coast",13,13
"Misty Lake Ecological Reserve",2018,3,30,"2018-03-30",0,11,"Jessie Moore",9,622446,5607346,-127.26959,50.60514,"Sample Station - Centroid","B-BUFF","",4,"","","UNK",NA,"","","",NA,NA,NA,NA,NA,NA,NA,NA,NA,NA,8,4,"West Coast",13,13
"Misty Lake Ecological Reserve",2018,3,30,"2018-03-30",0,11,"Jessie Moore",9,622446,5607346,-127.26959,50.60514,"Sample Station - Centroid","FA-ANATIDAE","",3,"","","UNK",NA,"","","",NA,NA,NA,NA,NA,NA,NA,NA,NA,NA,8,4,"West Coast",13,13
"Misty Lake Ecological Reserve",2019,3,20,"2019-03-20",0,18,"Jessie Moore",9,622446,5607346,-127.26959,50.60514,"Sample Station - Centroid","B-BUFF","",7,"","","UNK",NA,"","","",NA,NA,NA,NA,NA,NA,NA,NA,NA,NA,8,4,"West Coast",13,13
"Misty Lake Ecological Reserve",2019,3,20,"2019-03-20",0,18,"Jessie Moore",9,622446,5607346,-127.26959,50.60514,"Sample Station - Centroid","B-BUFF","",10,"","","UNK",NA,"","","",NA,NA,NA,NA,NA,NA,NA,NA,NA,NA,8,4,"West Coast",13,13
"Misty Lake Ecological Reserve",2019,3,20,"2019-03-20",0,18,"Jessie Moore",9,622446,5607346,-127.26959,50.60514,"Sample Station - Centroid","B-BUFF","",6,"May have been non breeding males.","","UNK",NA,"","","",NA,NA,NA,NA,NA,NA,NA,NA,NA,NA,8,4,"West Coast",13,13
"Misty Lake Ecological Reserve",2019,3,20,"2019-03-20",0,18,"Jessie Moore",9,622446,5607346,-127.26959,50.60514,"Sample Station - Centroid","GE-MERGUS","",1,"","","UNK",NA,"","","",NA,NA,NA,NA,NA,NA,NA,NA,NA,NA,8,4,"West Coast",13,13
"Misty Lake Ecological Reserve",2019,3,20,"2019-03-20",0,18,"Jessie Moore",9,622446,5607346,-127.26959,50.60514,"Sample Station - Centroid","GE-MERGUS","",2,"","","UNK",NA,"","","",NA,NA,NA,NA,NA,NA,NA,NA,NA,NA,8,4,"West Coast",13,13
"Naikoon Park",2014,5,3,"2014-05-03",1400,NA,"Lucy Stefanyk",9,305597,5940290,-131.93632,53.57538,"Sample Station - Centroid","B-MALL","",4,"","","UNK",NA,"","","",2,2,NA,NA,NA,NA,NA,NA,NA,NA,8,2,"West Coast",13,13
"Naikoon Park",2015,5,14,"2015-05-14",0,18,"Lucy Stefanyk",9,305597,5940290,-131.93632,53.57538,"Sample Station - Centroid","B-SACR","",1,"Sandhill cranes in vicinity of wetland.  Count unknown.","visual scan","VI",NA,"","","",NA,NA,NA,NA,NA,NA,1,NA,NA,NA,8,2,"West Coast",13,13
"Naikoon Park",2015,5,14,"2015-05-14",0,18,"Lucy Stefanyk",9,305597,5940290,-131.93632,53.57538,"Sample Station - Centroid","B-MALL","",6,"3 pairs; suspected nest nearby;","visual scan","VI",NA,"","","",3,3,NA,NA,NA,NA,NA,NA,NA,NA,8,2,"West Coast",13,13
"Naikoon Park",2017,3,28,"2017-03-28",0,15,"Lucy Stefanyk",9,305597,5940290,-131.93632,53.57538,"Sample Station - Centroid","B-MALL","",4,"","visual scan","VI",NA,"","","",2,2,NA,NA,NA,NA,NA,NA,NA,NA,8,2,"West Coast",13,13
"Nazko Lake Park",2013,5,7,"2013-05-07",1415,NA,"Chris Armstrong",10,459805,5801800,-123.59032,52.365,"Sample Station - Centroid","B-SACR","",2,"","","UNK",NA,"","","",1,1,NA,NA,NA,NA,NA,NA,NA,NA,8,5,"Thompson Cariboo",15,9.5
"Nazko Lake Park",2013,5,7,"2013-05-07",1415,NA,"Chris Armstrong",10,459805,5801800,-123.59032,52.365,"Sample Station - Centroid","B-CAGO","",2,"","","UNK",NA,"","","",NA,NA,2,NA,NA,NA,NA,NA,NA,NA,8,5,"Thompson Cariboo",15,9.5
"Nazko Lake Park",2013,5,7,"2013-05-07",1415,NA,"Chris Armstrong",10,459805,5801800,-123.59032,52.365,"Sample Station - Centroid","B-MALL","",2,"","","UNK",NA,"","","",1,1,NA,NA,NA,NA,NA,NA,NA,NA,8,5,"Thompson Cariboo",15,9.5
"Nazko Lake Park",2015,5,25,"2015-05-25",1200,NA,"Chris Armstrong",10,459805,5801800,-123.59032,52.365,"Sample Station - Centroid","B-BUFF","",1,"On pond, left","visual scan","UNK",NA,"","","",NA,NA,NA,NA,NA,NA,1,NA,NA,NA,8,5,"Thompson Cariboo",15,9.5
"Nazko Lake Park",2015,5,25,"2015-05-25",1200,NA,"Chris Armstrong",10,459805,5801800,-123.59032,52.365,"Sample Station - Centroid","B-CAGO","",5,"Flew over","","UNK",NA,"","","",NA,NA,NA,NA,NA,NA,5,NA,NA,NA,8,5,"Thompson Cariboo",15,9.5
"Nazko Lake Park",2015,5,25,"2015-05-25",1200,NA,"Chris Armstrong",10,459805,5801800,-123.59032,52.365,"Sample Station - Centroid","B-COLO","",1,"Flew over pond","","UNK",NA,"","","",NA,NA,NA,NA,NA,NA,1,NA,NA,NA,8,5,"Thompson Cariboo",15,9.5
"Nazko Lake Park",2015,5,25,"2015-05-25",1200,NA,"Chris Armstrong",10,459805,5801800,-123.59032,52.365,"Sample Station - Centroid","GE-BUCEPHALA","",1,"In pond.  Golden Eye.","","UNK",NA,"","","",NA,NA,NA,NA,NA,NA,1,NA,NA,NA,8,5,"Thompson Cariboo",15,9.5
"Nazko Lake Park",2018,5,28,"2018-05-28",0,16,"Not Available",10,459805,5801800,-123.59032,52.365,"Sample Station - Centroid","B-BUFF","",1,"","","UNK",NA,"","","",1,NA,NA,NA,NA,NA,NA,NA,NA,NA,8,5,"Thompson Cariboo",15,9.5
"Nazko Lake Park",2019,5,23,"2019-05-23",1200,NA,"Not Available",10,459805,5801800,-123.59032,52.365,"Sample Station - Centroid","G-SCAP","",2,"","","UNK",NA,"","","",NA,NA,NA,NA,1,1,NA,NA,NA,NA,8,5,"Thompson Cariboo",15,9.5
"White Lake Park",2014,6,6,"2014-06-06",1700,NA,"Kirk Densmore",11,342052,5639002,-119.24533,50.88108,"Transect - Start","B-GBHE","",1,"","","UNK",NA,"","","",NA,NA,NA,NA,NA,NA,1,NA,NA,NA,8,3.5,"Thompson Cariboo",15,9.5
"White Lake Park",2014,6,6,"2014-06-06",1900,NA,"Kirk Densmore",11,342052,5639002,-119.24533,50.88108,"Transect - Start","B-COLO","",2,"","","UNK",NA,"","","",NA,NA,NA,NA,NA,NA,2,NA,NA,NA,8,3.5,"Thompson Cariboo",15,9.5
"White Lake Park",2018,7,5,"2018-07-05",1145,28,"Andrea Zemnek",11,342052,5639002,-119.24533,50.88108,"Transect - Start","G-MERG","",1,"Common merganser (or red-breasted)","","UNK",NA,"","","",NA,1,NA,NA,NA,NA,NA,NA,NA,NA,8,3.5,"Thompson Cariboo",15,9.5
"White Lake Park",2018,7,5,"2018-07-05",1145,28,"Andrea Zemnek",11,342052,5639002,-119.24533,50.88108,"Transect - Start","G-GOEY","",1,"All waterfowl seen near cattail island at west side.","","UNK",NA,"","","",NA,1,NA,NA,NA,NA,NA,NA,NA,NA,8,3.5,"Thompson Cariboo",15,9.5
"White Lake Park",2018,7,5,"2018-07-05",1145,28,"Andrea Zemnek",11,342052,5639002,-119.24533,50.88108,"Transect - Start","G-GOEY","",2,"Also seen near road when leaving.","","UNK",NA,"","","",NA,NA,NA,2,NA,NA,NA,NA,NA,NA,8,3.5,"Thompson Cariboo",15,9.5
"White Lake Park",2021,6,20,"2021-06-20",1400,NA,"Not Available",11,342052,5639002,-119.24533,50.88108,"Transect - Start","B-HOME","",9,"with 7-8 ducklings - mohawk","","VI",NA,"","","",NA,NA,NA,8,NA,1,NA,NA,NA,NA,8,3.5,"Thompson Cariboo",15,9.5
"White Lake Park",2021,6,20,"2021-06-20",1200,NA,"Not Available",11,342052,5639002,-119.24533,50.88108,"Transect - Start","B-GBHE","",1,"Great Blue Heron","","VI",NA,"","","",NA,NA,NA,NA,NA,1,NA,NA,NA,NA,8,3.5,"Thompson Cariboo",15,9.5
"White Lake Park",2021,6,20,"2021-06-20",1202,NA,"Not Available",11,342052,5639002,-119.24533,50.88108,"Transect - Start","B-COLO","",1,"Loon - nesting","","VI",NA,"","","",NA,NA,NA,NA,NA,NA,1,NA,NA,NA,8,3.5,"Thompson Cariboo",15,9.5
"White Lake Park",2024,6,10,"2024-06-10",0,21,"Lucus Friesen",11,342052,5639002,-119.24533,50.88108,"Transect - Start","B-COLO","",2,"Stayed near each other the entire LTEM.","","UNK",NA,"","","",NA,NA,NA,NA,NA,NA,2,NA,NA,NA,8,3.5,"Thompson Cariboo",15,9.5
"White Lake Park",2024,6,10,"2024-06-10",0,21,"Lucus Friesen",11,342052,5639002,-119.24533,50.88108,"Transect - Start","B-MALL","",5,"One mother and 4 ducklings.","","UNK",NA,"","","",NA,1,NA,4,NA,NA,NA,NA,NA,NA,8,3.5,"Thompson Cariboo",15,9.5
"White Lake Park",2024,6,10,"2024-06-10",0,21,"Lucus Friesen",11,342052,5639002,-119.24533,50.88108,"Transect - Start","G-GOEY","",2,"","","UNK",NA,"","","",NA,NA,NA,NA,NA,NA,2,NA,NA,NA,8,3.5,"Thompson Cariboo",15,9.5
"Wells Gray Park",2018,8,14,"2018-08-14",1130,19,"Vladi Gati",10,694163,5771761,-120.1675,52.06236,"Sample Station - Centroid","OR-ANSERIFORMES","",2,"no juveniles present. According to the head it could be golden eye (danli bigger head)/ We didn't get to close","","VI",NA,"","","",NA,NA,NA,NA,NA,NA,NA,NA,NA,NA,8,2.75,"Thompson Cariboo",15,9.5
"Wells Gray Park",2018,8,14,"2018-08-14",1105,19,"Vladi Gati",10,694163,5771761,-120.1675,52.06236,"Sample Station - Centroid","B-MALL","",1,"most likley mallard but we were not sure as we couldn't see very close","","VI",NA,"","","",NA,NA,NA,NA,NA,NA,NA,NA,NA,NA,8,2.75,"Thompson Cariboo",15,9.5
"Wells Gray Park",2019,7,21,"2019-07-21",0,NA,"Andrea Zemnek",10,693945,5771728,-120.1707,52.06214,"Transect - Start","B-COLO","",1,"Count not given, auditory.","CA","UNK",NA,"","","",NA,NA,NA,NA,NA,NA,NA,NA,NA,NA,8,2.75,"Thompson Cariboo",15,9.5
"Wells Gray Park",2019,7,21,"2019-07-21",0,NA,"Andrea Zemnek",10,693945,5771728,-120.1707,52.06214,"Transect - Start","G-GOEY","",6,"Common goldeneye.  Female and 5 juvenille. Small dark grey black juvniles with short black bills and yellow eyes.","","UNK",NA,"","","",NA,1,NA,5,NA,NA,NA,NA,NA,NA,8,2.75,"Thompson Cariboo",15,9.5
"Wells Gray Park",2020,7,18,"2020-07-18",0,25,"Andrea Zemnek",10,693945,5771728,-120.1707,52.06214,"Transect - Start","B-COLO","",1,"At south end of lake.","","UNK",NA,"","","",NA,NA,NA,NA,NA,NA,NA,NA,NA,NA,8,2.75,"Thompson Cariboo",15,9.5
"Wells Gray Park",2024,6,10,"2024-06-10",0,NA,"Anya Gurr",10,693945,5771728,-120.1707,52.06214,"Transect - Start","NULL","",0,"June 10th survey, no sightings","","UNK",NA,"","","",NA,NA,NA,NA,NA,NA,NA,NA,NA,NA,8,2.75,"Thompson Cariboo",15,9.5
"Sutton Pass Ecological Reserve",2022,4,24,"2022-04-24",1335,13,"Katy Fulton",10,328994,5461247,-125.35129,49.28004,"Sample Station - Start","B-BUFF","",4,"2 pairs","","UNK",NA,"","","",2,2,NA,NA,NA,NA,NA,NA,NA,NA,8,2,"West Coast",13,13
"Sutton Pass Ecological Reserve",2023,5,30,"2023-05-30",0,14,"Erica Mcclaren",10,328989,5461255,-125.35136,49.28011,"Survey Observation","NULL","",0,"No waterfowl observed.","","UNK",NA,"","","",NA,NA,NA,NA,NA,NA,NA,NA,NA,NA,8,2,"West Coast",13,13
"Bonaparte Park",2014,5,23,"2014-05-23",1225,NA,"Sarma Liepins",10,678738,5666959,-120.44566,51.12618,"Sample Station - Centroid","G-GOEY","",1,"","","UNK",NA,"","","",1,NA,NA,NA,NA,NA,NA,NA,NA,NA,8,2,"Thompson Cariboo",15,9.5
"Bonaparte Park",2023,6,19,"2023-06-19",0,3,"Craig Baillie",10,678738,5666959,-120.44566,51.12618,"Survey Observation","G-GOEY","",1,"","","VI",NA,"","","",NA,1,NA,NA,NA,NA,NA,NA,NA,NA,8,2,"Thompson Cariboo",15,9.5
"Bonaparte Park",2023,6,19,"2023-06-19",0,3,"Craig Baillie",10,678738,5666959,-120.44566,51.12618,"Sample Station - Centroid","B-COLO","",1,"","","CA",NA,"","","",NA,NA,1,NA,NA,NA,NA,NA,NA,NA,8,2,"Thompson Cariboo",15,9.5
